Name,Price,Rating,Number of Reviews,Product Link
"ASUS CX1 15.6"" Chromebook - Transparent Silver (Intel Celeron N4500/8GB RAM/128GB eMMC/ChromeOS)",$449.99,2.75,4,https://www.bestbuy.ca//b.us5.us.criteo.com/rm?dest=https%3A%2F%2Fwww.bestbuy.ca%2Fen-ca%2Fproduct%2Fasus-cx1-15-6-chromebook-transparent-silver-intel-celeron-n4500-8gb-ram-128gb-emmc-chromeos%2F17944486%3Fsource%3Dsearch%26adSlot%3D1%26slotPos%3D1&sig=1-KdhGynciGLBqzCGk77DIreluOTU9Odf0-Uz9q0r8XFQ&rm_e=GX234HMatnsc3IUBtaDluc1tsxAfkZe7IBbSXJR7zISirNPhClhwAE9JU4kKX82eU8wWCYrmZNjfo2UFgh7BEulnnDC62_i58HdpU0p0afQX_mF6-xXBsih5rpuyNLLMPOMTixr5c109SpwZ5dmbe0V4fSoKNuqFsgihpx8ZzmFE0ysMVPDRnmH22WM0FWRiEAYsv0hGtkfWs3IEDJSNLMq2W0sx6PDY9XGsshSC5lz-4XsXdLXO3ODeLFZIyA0efwFtPbWcswp55IXRj5pmJhjEiotkeXiRrtZT8ovsGhRfkptgqMLOuW4RTfIKK_cOgD3rusCR5Bq0M8XIqLvQCQGt-uL60EodMBQU5ij6sCRoZf_hsR4FgpTby7Mlh6BfoUYwmhqlDBmjHK_ItMacYD4WRidGpWPIdOVBhY4kxcQ&ev=4
"ASUS Vivobook Go 15 15.6"" Laptop - Mixed Black (Intel Core i3-N305 /256GB SSD/8GB RAM/Windows 11 Home)",$399.99,5.0,4,https://www.bestbuy.ca//b.us5.us.criteo.com/rm?dest=https%3A%2F%2Fwww.bestbuy.ca%2Fen-ca%2Fproduct%2Fasus-vivobook-go-15-15-6-laptop-mixed-black-intel-core-i3-n305-256gb-ssd-8gb-ram-windows-11-home%2F17631510%3Fsource%3Dsearch%26adSlot%3D2%26slotPos%3D2&sig=1-j4OQxLuDfyEk9Jv-EsPvas84z8iAR9IEYPNXhdsWugI&rm_e=5FV_ZhOK0ye3s3r-sEmGiR-OeKdADVcB6XrH2iz7szRJkwDKLOX3bZpv8y7QYmkGSRSnYUGYdyxVn0-ch0vvFwWX2AH-KOAlEkY-eGRAi2UtLFuYXraXodB1YseFrNbprbWvSg102iCioJEHroVlztFI6PeR4P8Mb-RFSpQLIRl39eZ0X1Y4_sM_FN080NmEXUvC47jTyNmCpdLdKHC6v49fXn92m-_KNeOu5c3oGRPxw1m5ppsu5_2c_7B0shmLFvmT41KV5vW3Ak7_sh5BGA3TJrKvf3rOAqSgflCgHnaR_zuKseaRc1VH5aTXCWYjrrITQJ5AFCC_gH3fkSva316n920NFnjtJ-Wr2npisPUesNnE-5JxLvmux6zVAn3MBWkqWysHEvoPuQ6Mq9gssl07N-PgBN_ydTo3j-wie_E&ev=4
"ASUS CM14 14"" Chromebook - Gravity Grey (MediaTek Kompanio 520/64GB eMMC/4GB RAM/ChromeOS)",$249.99,4.57,23,https://www.bestbuy.ca//b.us5.us.criteo.com/rm?dest=https%3A%2F%2Fwww.bestbuy.ca%2Fen-ca%2Fproduct%2Fasus-cm14-14-chromebook-gravity-grey-mediatek-kompanio-520-64gb-emmc-4gb-ram-chromeos%2F17631512%3Fsource%3Dsearch%26adSlot%3D3%26slotPos%3D3&sig=1-kr_iq63Le46d4kWHp4h9y-Gz08hpjbK5dj0XRQg6RgE&rm_e=-orujd1cpkjbo2IFJOY-PDvmY1FBkw4Ey2UizUSiW4FdSBUtKOSmBDB2jHxq-aD1nU2rE5gkGZowAEELfJ-OKETJM2WwoxfkRlhKpLoOWg5JjrmipEQnv3pRK6L4JdN_dTjVCNzxjLnbtmqkRfX4lTYaanm4NWGx6au5aRbbsleO6T3GYcwrsA11qO57PZ2m3iGClZPI5KBieJoY3AV_WO97ylrusHWSe5M-Y3VONLt-GB-CkN1fr3i3Q4wkaR_gH6kLrONJ4LzmxFThBucbsezADSoDJxtxl2-ALRtp3PCBWfOGuuHt2zcGmYn52-ZTUcHE-6NK6ll1HjfNi2eS2_MCxmpVKJmh3z2crMSPIzIWIN2DjBgRtH1B4rgQEN1k6Xwh6YBcE44SukIrVtkB6mtTbZgjEvuurKOOfapeD9o&ev=4
"ASUS TUF Gaming F17 17.3"" Gaming Laptop - Mecha Grey (Intel Core i5-12500H/1TB SSD/16GB RAM/GeForce RTX 3050)","$1,299.99",5.0,2,https://www.bestbuy.ca//b.us5.us.criteo.com/rm?dest=https%3A%2F%2Fwww.bestbuy.ca%2Fen-ca%2Fproduct%2Fasus-tuf-gaming-f17-17-3-gaming-laptop-mecha-grey-intel-core-i5-12500h-1tb-ssd-16gb-ram-geforce-rtx-3050%2F17687650%3Fsource%3Dsearch%26adSlot%3D4%26slotPos%3D4&sig=1-R8J8bQFfdg5xRyi1-E5xreaMbgixEqSa0EhPkiar-as&rm_e=vMyk-XcrpNQRlNK3PQDcK6T-JCrQdwgK-2veMU3Hbp3H1Jsnx4h9YD-ofYqYKBOqUfL_7uAby5L60N4pcx_yfoFFQJCNF5CJayO6eRSDCg9_qrKMyPMrxORAEU_dZgGx_phfEjpY9towiFunIP4a7LHDJKEfPAT59kIA9DSurrIkyqP1ewdYcSo0DiN5yRZnT5_-NXwLXQ0a7ejkS19Hqr7Oy9BXWOSYqrb4d7CmQQLB7hLF6_Z0_w2yCMr4WFNqTLQp5Zml92sDJ7Dme8vczCNN61cPX2ePosqZ54iQI5ksupgEIQdqm9ZdEKhuoUV0HrcUn1dfqquxGz5HZPqfTVmjigv6ryj_ndTPbBp02fQau-x8uhils7VwR1GFuvD5W-zmcpHTEC-7vz7UsNzQ8hNKCfhDHdjMk9aWDK3iHg8&ev=4
"HP 14"" Laptop - Jet Black (Intel Processor N100/256GB SSD/8GB RAM/Windows 11 Home)",$299.99,4.22,23,https://www.bestbuy.ca/en-ca/product/hp-14-laptop-jet-black-intel-processor-n100-256gb-ssd-8gb-ram-windows-11-home/17478231
N/A,N/A,,0,https://www.bestbuy.ca/en-ca/brand/microsoft/copilot-plus-pc?icmp=computing_20240520_plb_copilotpluspc_learnmore
"HP Stream 14"" HD 1366 x 768 Laptop - Intel N4120, 64GB, 4GB, Window 11, Office 365 - Rose Gold",$249.99,4.05,786,https://www.bestbuy.ca/en-ca/product/hp-stream-14-hd-1366-x-768-laptop-intel-n4120-64gb-4gb-window-11-office-365-rose-gold/16204778
"Dell Inspiron 15.6"" Laptop - Carbon Black (Intel Core i5-1235U/512GB SSD/16GB RAM/Windows 11 Home)",$699.99,4.4,6362,https://www.bestbuy.ca/en-ca/product/dell-inspiron-15-6-laptop-carbon-black-intel-core-i5-1235u-512gb-ssd-16gb-ram-windows-11-home/17862173
"ASUS Vivobook Go 15 L510 15.6"" Laptop - Star Black (Intel Celeron N4500/128GB SSD/4GB RAM)",$199.99,3.78,9,https://www.bestbuy.ca/en-ca/product/asus-vivobook-go-15-l510-15-6-laptop-star-black-intel-celeron-n4500-128gb-ssd-4gb-ram/17687646
"Dell Latitude 7410 Laptop - 16GB RAM, SUPER FAST 256 GB NVME SSD, Intel Quad-Core (4 Core) 10th Gen i5 10310U, Full HD - 1920 x 1080 - Windows 11 Pro, "" Refurbished Good "".",$389.99,5.0,2,https://www.bestbuy.ca/en-ca/product/dell-latitude-7410-laptop-16gb-ram-super-fast-256-gb-nvme-ssd-intel-quad-core-4-core-10th-gen-i5-10310u-full-hd-1920-x-1080-windows-11-pro-refurbished-good/17213099
"HP 15.6"" Laptop - Natural Silver (AMD Ryzen 7 5700U/512 GB SSD/16 GB RAM/AMD Radeon Graphics/Windows 11)",$649.99,4.17,125,https://www.bestbuy.ca/en-ca/product/hp-15-6-laptop-natural-silver-amd-ryzen-7-5700u-512-gb-ssd-16-gb-ram-amd-radeon-graphics-windows-11/17389713
"HP 15.6"" Laptop - Jet Black (Intel N100/512 GB SSD/8GB RAM/Windows 11 Home)",$399.99,4.2,30,https://www.bestbuy.ca/en-ca/product/hp-15-6-laptop-jet-black-intel-n100-512-gb-ssd-8gb-ram-windows-11-home/16938172
"Dell Inspiron 15.6"" Laptop - Carbon Black (Intel Core i5-1235U/512GB SSD/16GB RAM/Windows 11 Home)",$699.99,4.4,6362,https://www.bestbuy.ca//b.us5.us.criteo.com/rm?dest=https%3A%2F%2Fwww.bestbuy.ca%2Fen-ca%2Fproduct%2Fdell-inspiron-15-6-laptop-carbon-black-intel-core-i5-1235u-512gb-ssd-16gb-ram-windows-11-home%2F17862173%3Fsource%3Dsearch%26adSlot%3D5%26slotPos%3D13&sig=1-ysFfH1gZE-I4eEzGzuz3PnxsJQkdIiWWnOV1DgMmtLw&rm_e=kb1iweNaj9NBmPe5D0ObKmPcYy7ibizRpcec9nouVfCeWulVe6FQDaGA-dAkJSUSwHXVDFoJGpE1vcac806gEcTQySiuaIlmuQ2I5ivk1cAtEmNJLLxQyOODKMi9GMoN8EHWkn7KZ_6oiLP1t4rMvbm4N0hJc1LLilqhd8A9un9E9qtSFNm-ZP4Fc2IEcTbAAtQann5U1bo1OKuhGWm79dMq57BLmZAwVM2-cU_vJQt82esdHao4fRm18hXatOa1VekPOn0hqRJQKMvtU5QYQUb8FY0m0C2VJZwqfI6sPVV2fZ_6SPzgCJSBsa75nPtcntiOrKaYaafRN9y2znGOrOuFmFcfUqDglodTQos25OOu3xJ0nYJuPhIAaVCLzQ6CX7wE-HDgdh4smtlUOLlVJg&ev=4
"Acer Aspire 3 15.6"" Laptop - Silver (AMD Ryzen 5 7520U/512GB SSD/16GB RAM/Windows 11 Home)",$799.99,4.5,1027,https://www.bestbuy.ca//b.us5.us.criteo.com/rm?dest=https%3A%2F%2Fwww.bestbuy.ca%2Fen-ca%2Fproduct%2Facer-aspire-3-15-6-laptop-silver-amd-ryzen-5-7520u-512gb-ssd-16gb-ram-windows-11-home%2F17739399%3Fsource%3Dsearch%26adSlot%3D6%26slotPos%3D14&sig=1-WX3EToRkRwVrHLFYsUMrcjXvTz2MggA83nZazdhyUcA&rm_e=uqDnEOLS5jM8hDw2zeUqJdXV6UTMgcpFbyfNUpdWOyfRFNaXv4Qenn7txYiaAKC_Z0vGD4_JPYb9HRLJGAQJh8jLjLWAqWnwqw-Sa4VARSdh_HA7I5LzsQxWtbJKliQYyy9zY0CHLIQeksa7MHynoWSoOew6r8PF13aO7QLnyPQsnIrVNN72CHr5EtU0BgplAJzjjFygf47QupVb9FEc7645WhO5KrTdJc-GTaWKB8tQ02ktiuzQWX3xnBfViHftTEcDQJ8PdoVE9KE09Kc5wLnVm-b3SOcjBPYZWtV8paHZHOHhTpot_hj3jFHBkc-qzWyGIFQ05EDIH0UezXl-Scgi1o35x1AevNrGfreoZ0f4_KfA5ivas8V_tn0jQmTgjqNR47leggkjsHQfGrF_fSjrtpTxO1d6ejFNYlsfHGI&ev=4
"Lenovo Legion Slim 5 Gen 8 AMD Laptop, 14.5"" 120Hz, Ryzen 9 7940HS Processor, NVIDIA® GeForce RTX™ 4060 Laptop GPU 8GB GDDR6","$1,549.99",0.0,0,https://www.bestbuy.ca//b.us5.us.criteo.com/rm?dest=https%3A%2F%2Fwww.bestbuy.ca%2Fen-ca%2Fproduct%2Flenovo-legion-slim-5-gen-8-amd-laptop-14-5-120hz-ryzen-9-7940hs-processor-nvidia-geforce-rtx-4060-laptop-gpu-8gb-gddr6%2F17922796%3Fsource%3Dsearch%26adSlot%3D7%26slotPos%3D15&sig=1-PAmtnGB25gTTAMp7xKJ6nBe7b33HuCZzJ0NG6mnujOA&rm_e=A_hJz_Q_7N_9WQk3avM-Pb0Dy6CskmhpBUF_0j5e1EfNROfQTOBEH-Z1Fslcn7XJW-dfXpZbXHcEToKRdxOKYNFYFUAri7YMwx3GHM1-hN0vbsatVjDSam1KNiw9gCO5FVf5LnPxg5GhzFHf39_A1Otz2xvfua-rFNpWcBGN2JeQK_HK2Xdd-ypFp8x4Kod7WLy9vcPTIi3KEiiXQGR0mF5NHeW_SxlyajI_AxABnlDtxx4qp4q0p0vGH0IgSSV2NEsgdIF-OhfF5JKZ9Sz5WX5aebtB3RL9EpNkBqIELddYje5euIVj02BT2jKWJrjzOpSmFbz8S66IGLckzYqB3kLzAMF164I_dz4W3WquWzF7OTH-2TtMvaO0kKC_7B8wjb1LLbQdYvmcI_vRHGdU9Hpvo_Qp9vcyCTDYtrlFZcU&ev=4
"Lenovo IdeaPad Slim 3 14"" Touchscreen Chromebook - Cloud Grey (MediaTek Kompanio 520/128GB eMMC/8GB RAM)",$449.99,4.58,24,https://www.bestbuy.ca//b.us5.us.criteo.com/rm?dest=https%3A%2F%2Fwww.bestbuy.ca%2Fen-ca%2Fproduct%2Flenovo-ideapad-slim-3-14-touchscreen-chromebook-cloud-grey-mediatek-kompanio-520-128gb-emmc-8gb-ram%2F17732142%3Fsource%3Dsearch%26adSlot%3D8%26slotPos%3D16&sig=1-34NuXrJNxuRzLSRd_EXOG4tXRdU1BnxEDmuBh7-vboo&rm_e=_tIso0SOzngxwIsje__0OQbA3AL_yXRhthaBMNdPgF0PxbhjCUC6gvZwv3aSy1PUnEPWOGKeZMhogGWEaGTOvIj_3cUrPqrT7JmLOZ8YEsGAPyKGkRWWryDonpcR1qVNoXp8AedwhGae2g9-2-Nj1e-oelhVr49gC9vfxo-QLcFyLcxlTGaTVgi9L9JQK-kFi_-VOs6fE5drwBqjYIR1BMhv-nBFVDxIi5aKpuoZwei9DfbGcbHGEHpcg0UCmTL8XKr6814urFQHuBTXoy3IGcVPmLjJ8hoCsOTNCUxGMxgiF0AfuUQxdB6CrEnWqAymjgfCai8TNs-gSLw8_kZb5v1RyIfhUZ0eimwjh95bbW8p3NjEcVyF75RKgRiaeb--ZLECgJw41xK1n-xgT6WuaM1TsmCoE1yyWEAxOugGmeA&ev=4
"ASUS Vivobook Go 15 15.6"" Laptop - Mixed Black (Intel Core i3-N305 /256GB SSD/8GB RAM/Windows 11 Home)",$399.99,5.0,4,https://www.bestbuy.ca/en-ca/product/asus-vivobook-go-15-15-6-laptop-mixed-black-intel-core-i3-n305-256gb-ssd-8gb-ram-windows-11-home/17631510
"Acer Aspire 3 15.6"" Laptop - Silver (AMD Ryzen 5 7520U/1TB SSD/16GB RAM/Windows 11 Home)",$649.99,4.5,1027,https://www.bestbuy.ca/en-ca/product/acer-aspire-3-15-6-laptop-silver-amd-ryzen-5-7520u-1tb-ssd-16gb-ram-windows-11-home/17739400
"HP 15.6"" Laptop - Natural Silver (Intel Core i5-1235U/512GB SSD/16GB RAM/Windows 11 Home)",$699.95,4.01,347,https://www.bestbuy.ca/en-ca/product/hp-15-6-laptop-natural-silver-intel-core-i5-1235u-512gb-ssd-16gb-ram-windows-11-home/17725754
"ASUS CM14 14"" Chromebook - Gravity Grey (MediaTek Kompanio 520/64GB eMMC/4GB RAM/ChromeOS)",$249.99,4.57,23,https://www.bestbuy.ca/en-ca/product/asus-cm14-14-chromebook-gravity-grey-mediatek-kompanio-520-64gb-emmc-4gb-ram-chromeos/17631512
"Refurbished (Excellent) - Lenovo ThinkPad T460 14"" Ultrabook Laptop (Intel Core i5-6300U / 8GB RAM / 512GB SSD / Windows 10 Pro)",$266.99,3.64,14,https://www.bestbuy.ca/en-ca/product/refurbished-excellent-lenovo-thinkpad-t460-14-ultrabook-laptop-intel-core-i5-6300u-8gb-ram-512gb-ssd-windows-10-pro/14340736
"HP 15"" Laptop w/ 1 year of Microsoft 365 - Natural Silver (Intel N100/128GB SSD/4GB RAM)",$429.99,3.89,18,https://www.bestbuy.ca/en-ca/product/hp-15-laptop-w-1-year-of-microsoft-365-natural-silver-intel-n100-128gb-ssd-4gb-ram/16982680
"ASUS Vivobook 16 16"" Laptop - Indie Black (Intel Core i5-1335U/16GB RAM/1TB SSD/Windows 11) - English",$899.99,3.75,12,https://www.bestbuy.ca/en-ca/product/asus-vivobook-16-16-laptop-indie-black-intel-core-i5-1335u-16gb-ram-1tb-ssd-windows-11-english/17937121
"Dell Inspiron 15.6"" Touchscreen Laptop - Platinum Silver (Intel Core i7-1355U/1TB SSD/16GB RAM/Windows 11 Home)","$1,099.99",4.53,838,https://www.bestbuy.ca/en-ca/product/dell-inspiron-15-6-touchscreen-laptop-platinum-silver-intel-core-i7-1355u-1tb-ssd-16gb-ram-windows-11-home/17862172
"Lenovo IdeaPad Slim 3i 15.6"" Laptop - Arctic Grey (Intel Core i7-1355U/512GB SSD/16GB RAM/Windows 11)","$1,199.99",4.58,91,https://www.bestbuy.ca/en-ca/product/lenovo-ideapad-slim-3i-15-6-laptop-arctic-grey-intel-core-i7-1355u-512gb-ssd-16gb-ram-windows-11/16948052
"Acer Aspire 3 15.6"" Laptop - Silver (Intel Core i3-1215U/512GB SSD/8GB RAM/Windows 11)",$649.99,5.0,1,https://www.bestbuy.ca/en-ca/product/acer-aspire-3-15-6-laptop-silver-intel-core-i3-1215u-512gb-ssd-8gb-ram-windows-11/17698604
"Lenovo IdeaPad Slim 3i 15.6"" Laptop - Arctic Grey (Intel Core i5-1335U/512GB SSD/16GB RAM/Windows 11)","$1,099.99",4.63,83,https://www.bestbuy.ca/en-ca/product/lenovo-ideapad-slim-3i-15-6-laptop-arctic-grey-intel-core-i5-1335u-512gb-ssd-16gb-ram-windows-11/16948051
"ASUS CX1 15.6"" Chromebook - Transparent Silver (Intel Celeron N4500/8GB RAM/128GB eMMC/ChromeOS)",$449.99,2.75,4,https://www.bestbuy.ca/en-ca/product/asus-cx1-15-6-chromebook-transparent-silver-intel-celeron-n4500-8gb-ram-128gb-emmc-chromeos/17944486
"Lenovo Yoga 7i 14"" 2-in-1 Touchscreen Laptop - Storm Grey (Intel Core Ultra 5 125U/512GB SSD/16GB RAM)",$899.99,4.0,4,https://www.bestbuy.ca/en-ca/product/lenovo-yoga-7i-14-2-in-1-touchscreen-laptop-storm-grey-intel-core-ultra-5-125u-512gb-ssd-16gb-ram/17732148
"ASUS TUF Gaming F17 17.3"" Gaming Laptop - Mecha Grey (Intel Core i5-12500H/1TB SSD/16GB RAM/GeForce RTX 3050)","$1,299.99",5.0,2,https://www.bestbuy.ca/en-ca/product/asus-tuf-gaming-f17-17-3-gaming-laptop-mecha-grey-intel-core-i5-12500h-1tb-ssd-16gb-ram-geforce-rtx-3050/17687650
"Lenovo ThinkPad E14 Gen 5 Intel Laptop, 14"" IPS 60Hz, i5-1335U, UHD Graphics, 8GB, 512GB",$889.99,0.0,0,https://www.bestbuy.ca/en-ca/product/lenovo-thinkpad-e14-gen-5-intel-laptop-14-ips-60hz-i5-1335u-uhd-graphics-8gb-512gb/17194817
"ASUS Vivobook 16"" Laptop - Indie Black (Intel Core i7-1355U/16GB RAM/1TB SSD/Windows 11) - English",$899.99,4.67,3,https://www.bestbuy.ca/en-ca/product/asus-vivobook-16-laptop-indie-black-intel-core-i7-1355u-16gb-ram-1tb-ssd-windows-11-english/17937123
"ASUS TUF Gaming F15 15.6"" Gaming Laptop - Mecha Grey (Intel Core i5-12500H/512GB SSD/16GB RAM/GeForce RTX 3050)",$899.99,5.0,2,https://www.bestbuy.ca/en-ca/product/asus-tuf-gaming-f15-15-6-gaming-laptop-mecha-grey-intel-core-i5-12500h-512gb-ssd-16gb-ram-geforce-rtx-3050/17697539
"Apple MacBook Air 13.6"" w/ Touch ID (2022) - Midnight (Apple M2 Chip / 256GB SSD / 8GB RAM) - English","$1,299.99",4.89,6436,https://www.bestbuy.ca/en-ca/product/apple-macbook-air-13-6-w-touch-id-2022-midnight-apple-m2-chip-256gb-ssd-8gb-ram-english/16282196
"ASUS TUF Gaming A15 15.6"" Gaming Laptop - Mecha Grey (AMD Ryzen 5 7535HS/512GB SSD/16GB RAM/GeForce RTX 4050)",$999.95,0.0,0,https://www.bestbuy.ca/en-ca/product/asus-tuf-gaming-a15-15-6-gaming-laptop-mecha-grey-amd-ryzen-5-7535hs-512gb-ssd-16gb-ram-geforce-rtx-4050/17698113
"ASUS ROG Strix G16 16"" Gaming Laptop - Eclipse Grey (Intel Core i7-13650HX/512GB SSD/32GB RAM/GeForce RTX 4050)","$1,999.99",3.71,14,https://www.bestbuy.ca/en-ca/product/asus-rog-strix-g16-16-gaming-laptop-eclipse-grey-intel-core-i7-13650hx-512gb-ssd-32gb-ram-geforce-rtx-4050/16691436
HP Victus 15.6” Gaming Laptop - Mica Silver (AMD Ryzen 5 7535HS/1TB SSD/16GB RAM/GeForce RTX 2050/Win 11),$849.99,4.06,17,https://www.bestbuy.ca/en-ca/product/hp-victus-15-6-gaming-laptop-mica-silver-amd-ryzen-5-7535hs-1tb-ssd-16gb-ram-geforce-rtx-2050-win-11/17177110
"Open Box - Apple MacBook Air (2022) 13.6"" w/ Touch ID (2022) - Midnight (Apple M2 Chip / 256GB SSD / 8GB RAM) - Eng",$999.99,5.0,1,https://www.bestbuy.ca/en-ca/product/open-box-apple-macbook-air-2022-13-6-w-touch-id-2022-midnight-apple-m2-chip-256gb-ssd-8gb-ram-eng/16617997
"HP 15.6"" Laptop - Chalkboard Grey (Intel Core i3-1215U/512GB SSD/8GB RAM/Windows 11 Home)",$499.99,4.04,336,https://www.bestbuy.ca/en-ca/product/hp-15-6-laptop-chalkboard-grey-intel-core-i3-1215u-512gb-ssd-8gb-ram-windows-11-home/17725755
"Open Box - ASUS CX1 14"" Chromebook - Transparent Silver (Intel Celeron N4500/64GB eMMc/8GB RAM/ChromeOS)",$174.97,5.0,4,https://www.bestbuy.ca/en-ca/product/open-box-asus-cx1-14-chromebook-transparent-silver-intel-celeron-n4500-64gb-emmc-8gb-ram-chromeos/17168073
"ASUS CX1 14"" Chromebook - Transparent Silver (Intel Celeron N4500/8GB RAM/128GB eMMc SSD/ChromeOS) - En",$279.99,0.0,0,https://www.bestbuy.ca/en-ca/product/asus-cx1-14-chromebook-transparent-silver-intel-celeron-n4500-8gb-ram-128gb-emmc-ssd-chromeos-en/17937120
"Acer Aspire 3 15.6"" Laptop - Silver (AMD Ryzen 5 7520U/512GB SSD/16GB RAM/Windows 11 Home)",$799.99,4.5,1027,https://www.bestbuy.ca/en-ca/product/acer-aspire-3-15-6-laptop-silver-amd-ryzen-5-7520u-512gb-ssd-16gb-ram-windows-11-home/17739399
"Apple MacBook Air 13"" w/ Touch ID (2024) - Midnight (Apple M3 Chip / 256GB SSD / 8GB RAM) - English","$1,449.99",4.91,554,https://www.bestbuy.ca/en-ca/product/apple-macbook-air-13-w-touch-id-2024-midnight-apple-m3-chip-256gb-ssd-8gb-ram-english/17755677
"Lenovo IdeaPad Slim 3i 15.6"" Laptop - Arctic Grey (Intel Core i3-1315U/512GB SSD/8GB RAM)",$699.99,5.0,1,https://www.bestbuy.ca/en-ca/product/lenovo-ideapad-slim-3i-15-6-laptop-arctic-grey-intel-core-i3-1315u-512gb-ssd-8gb-ram/17732141
"Apple MacBook Air 15"" w/ Touch ID (2024) - Starlight (Apple M3 Chip / 256GB SSD / 8GB RAM) English - Open Box","$1,249.99",0.0,0,https://www.bestbuy.ca/en-ca/product/apple-macbook-air-15-w-touch-id-2024-starlight-apple-m3-chip-256gb-ssd-8gb-ram-english-open-box/17935590
"Acer 11.6"" Touchscreen 2-in-1 Chromebook - Black (Intel Celeron N4500/128GB/8GB RAM/ChromeOS)",$349.99,4.88,8,https://www.bestbuy.ca/en-ca/product/acer-11-6-touchscreen-2-in-1-chromebook-black-intel-celeron-n4500-128gb-8gb-ram-chromeos/17739395
"ASUS Vivobook 14 Flip 14"" Touchscreen 2-in-1 Laptop - Quiet Blue (Intel Core i7-13700H /1TB SSD/16GB RAM)",$999.99,4.67,6,https://www.bestbuy.ca/en-ca/product/asus-vivobook-14-flip-14-touchscreen-2-in-1-laptop-quiet-blue-intel-core-i7-13700h-1tb-ssd-16gb-ram/17631508
"ASUS ROG Zephyrus G16 OLED Nebula 16"" Gaming Laptop -Eclipse Grey (Intel Core Ultra 9 185H/1TB SSD/32GB RAM/GeForce RTX 4060)","$2,399.99",3.91,11,https://www.bestbuy.ca/en-ca/product/asus-rog-zephyrus-g16-oled-nebula-16-gaming-laptop-eclipse-grey-intel-core-ultra-9-185h-1tb-ssd-32gb-ram-geforce-rtx-4060/17717065
"ASUS Zenbook DUO 14"" OLED Touchscreen Laptop - Grey (Intel Core Ultra 7 EVO/1TB SSD/16GB RAM) - En","$2,199.99",4.67,9,https://www.bestbuy.ca/en-ca/product/asus-zenbook-duo-14-oled-touchscreen-laptop-grey-intel-core-ultra-7-evo-1tb-ssd-16gb-ram-en/17716235
"ASUS ZenBook 14 OLED 14"" Touchscreen Laptop - Blue (Intel Core Ultra 7 155H - Evo Edition/1TB/16GB RAM/Win 11)","$1,599.99",4.46,13,https://www.bestbuy.ca/en-ca/product/asus-zenbook-14-oled-14-touchscreen-laptop-blue-intel-core-ultra-7-155h-evo-edition-1tb-16gb-ram-win-11/17631761
"ASUS TUF A15 15.6"" Gaming Laptop - Mecha Grey (AMD Ryzen 7 6800HS/512GB SSD/8GB RAM/GeForce RTX 2050)- En",$799.95,3.86,7,https://www.bestbuy.ca/en-ca/product/asus-tuf-a15-15-6-gaming-laptop-mecha-grey-amd-ryzen-7-6800hs-512gb-ssd-8gb-ram-geforce-rtx-2050-en/17698148
"HP Pavilion x360 14"" 2-in-1 Laptop - Natural Silver (Intel Core i5-1335U/512GB SSD/8GB RAM/Win 11 Home)",$799.99,4.55,65,https://www.bestbuy.ca/en-ca/product/hp-pavilion-x360-14-2-in-1-laptop-natural-silver-intel-core-i5-1335u-512gb-ssd-8gb-ram-win-11-home/17391201
"Microsoft Surface Laptop Go 3 12.45"" Touchscreen Laptop - Sandstone (Intel i5-1235U/256GB SSD/8GB RAM) - Exclusive Retail Partner","$1,099.99",5.0,2,https://www.bestbuy.ca/en-ca/product/microsoft-surface-laptop-go-3-12-45-touchscreen-laptop-sandstone-intel-i5-1235u-256gb-ssd-8gb-ram-exclusive-retail-partner/17212075
"Microsoft Surface Laptop 13.8"" Touchscreen Copilot+ PC Laptop (Snapdragon X Elite/16GB RAM/1TB SSD) (2024) - Dune - EN","$2,249.99",5.0,1,https://www.bestbuy.ca/en-ca/product/microsoft-surface-laptop-13-8-touchscreen-copilot-pc-laptop-snapdragon-x-elite-16gb-ram-1tb-ssd-2024-dune-en/17924124
"Acer Nitro V 15 15.6"" Gaming Laptop - Black (Intel Core i7-13620H/1TB SSD/16GB RAM/RTX4060/Windows 11)","$1,299.99",5.0,3,https://www.bestbuy.ca/en-ca/product/acer-nitro-v-15-15-6-gaming-laptop-black-intel-core-i7-13620h-1tb-ssd-16gb-ram-rtx4060-windows-11/17698609
"Acer Aspire 5 15.6"" Laptop - Iron (Intel Core i5-12450H/512GB SSD/8GB RAM/Windows 11)",$549.99,4.2,5,https://www.bestbuy.ca/en-ca/product/acer-aspire-5-15-6-laptop-iron-intel-core-i5-12450h-512gb-ssd-8gb-ram-windows-11/17160455
"Acer Predator Helios NEO 16"" Gaming Laptop - Black (Intel Core i7-13700HX/1TB SSD/16GB RAM/RTX4060/Win11)","$1,999.99",4.64,478,https://www.bestbuy.ca/en-ca/product/acer-predator-helios-neo-16-gaming-laptop-black-intel-core-i7-13700hx-1tb-ssd-16gb-ram-rtx4060-win11/17042194
"HP Pavilion Plus 14"" Laptop (Intel Core Ultra 5 with Intel Evo/16GB RAM/1TB SSD)",$999.99,5.0,5,https://www.bestbuy.ca/en-ca/product/hp-pavilion-plus-14-laptop-intel-core-ultra-5-with-intel-evo-16gb-ram-1tb-ssd/17725750
"HP OMEN 16.1"" Gaming Laptop - Shadow Black (Intel Core i7 14700HX/1TB SSD/32GB RAM/GeForce RTX 4070)","$2,099.99",5.0,9,https://www.bestbuy.ca/en-ca/product/hp-omen-16-1-gaming-laptop-shadow-black-intel-core-i7-14700hx-1tb-ssd-32gb-ram-geforce-rtx-4070/17745000
"Alienware 16"" Gaming Laptop - Dark Metallic Moon (Intel Core Ultra 9 185H/32GB RAM/1TB SSD/GeForce RTX 4070)","$2,399.99",4.72,731,https://www.bestbuy.ca/en-ca/product/alienware-16-gaming-laptop-dark-metallic-moon-intel-core-ultra-9-185h-32gb-ram-1tb-ssd-geforce-rtx-4070/17914590
"Microsoft Surface Laptop 13.8"" Touchscreen Copilot+ PC Laptop (Snapdragon X Plus/16GB RAM/256GB SSD) (2024) - Platinum - EN","$1,449.99",4.63,41,https://www.bestbuy.ca/en-ca/product/microsoft-surface-laptop-13-8-touchscreen-copilot-pc-laptop-snapdragon-x-plus-16gb-ram-256gb-ssd-2024-platinum-en/17924120
"Apple MacBook Pro 14.2"" (Fall 2023) - Space Black (Apple M3 Pro / 512GB SSD / 18GB RAM) - English","$2,699.99",4.91,1919,https://www.bestbuy.ca/en-ca/product/apple-macbook-pro-14-2-fall-2023-space-black-apple-m3-pro-512gb-ssd-18gb-ram-english/17476637
"ASUS ROG Zephyrus G14 OLED Nebula14"" Gaming Laptop -Eclipse Grey (AMD Ryzen 9 8945HS/1TB SSD/32GB RAM/GeForce RTX 4060)","$2,599.99",5.0,4,https://www.bestbuy.ca/en-ca/product/asus-rog-zephyrus-g14-oled-nebula14-gaming-laptop-eclipse-grey-amd-ryzen-9-8945hs-1tb-ssd-32gb-ram-geforce-rtx-4060/17717669
"ASUS Vivobook 15.6"" Laptop - Slate Grey (Intel Pentium Silver N6000/256GB SSD/8GB RAM/Windows 11 Home)",$499.99,0.0,0,https://www.bestbuy.ca/en-ca/product/asus-vivobook-15-6-laptop-slate-grey-intel-pentium-silver-n6000-256gb-ssd-8gb-ram-windows-11-home/17631506
"ASUS Zenbook S 14 14"" Touchscreen 2-in-1 Laptop - Zumaia Grey (Intel Core Ultra 7/32GB RAM/1TB SSD/Win 11)","$2,199.99",0.0,0,https://www.bestbuy.ca/en-ca/product/asus-zenbook-s-14-14-touchscreen-2-in-1-laptop-zumaia-grey-intel-core-ultra-7-32gb-ram-1tb-ssd-win-11/18389564
"Lenovo Legion 7i 16"" Gaming Laptop- Eclipse Black(Intel Core i9 Processor 14900HX/1TB SSD/32GB RAM/RTX 4070)","$2,399.99",5.0,1,https://www.bestbuy.ca/en-ca/product/lenovo-legion-7i-16-gaming-laptop-eclipse-black-intel-core-i9-processor-14900hx-1tb-ssd-32gb-ram-rtx-4070/17732153
"ASUS ROG Zephyrus G14 OLED Nebula 14"" Gaming Laptop -Eclipse Grey (AMD Ryzen 7 8845HS/512GB SSD/16GB RAM/GeForce RTX 4050)","$1,799.99",4.33,3,https://www.bestbuy.ca/en-ca/product/asus-rog-zephyrus-g14-oled-nebula-14-gaming-laptop-eclipse-grey-amd-ryzen-7-8845hs-512gb-ssd-16gb-ram-geforce-rtx-4050/17717668
"HP 17.3"" Laptop - Natural Silver (Intel Core i5-1335U/1TB SSD/16GB RAM/Windows 11 Home)",$799.99,4.47,380,https://www.bestbuy.ca/en-ca/product/hp-17-3-laptop-natural-silver-intel-core-i5-1335u-1tb-ssd-16gb-ram-windows-11-home/17063573
"Lenovo IdeaPad 15.6"" Laptop - Arctic Grey (Intel Core i5-1235U/512GB/8GB RAM/Windows 11 Home)",$599.95,4.28,25,https://www.bestbuy.ca/en-ca/product/lenovo-ideapad-15-6-laptop-arctic-grey-intel-core-i5-1235u-512gb-8gb-ram-windows-11-home/17236596
"ASUS Zenbook S 16 16"" OLED Touchscreen Laptop - Zumaia Gray (AMD Ryzen AI 9 HX 370/1TB SSD/32GB RAM/AMD Radeon 890M/Window 11)","$1,999.99",2.96,23,https://www.bestbuy.ca/en-ca/product/asus-zenbook-s-16-16-oled-touchscreen-laptop-zumaia-gray-amd-ryzen-ai-9-hx-370-1tb-ssd-32gb-ram-amd-radeon-890m-window-11/18171802
"Apple MacBook Air 13.3"" w/ Touch ID (Fall 2020) - Gold (Apple M1 Chip / 256GB SSD / 8GB RAM) - En",$999.99,4.86,12506,https://www.bestbuy.ca/en-ca/product/apple-macbook-air-13-3-w-touch-id-fall-2020-gold-apple-m1-chip-256gb-ssd-8gb-ram-en/15136911
"Lenovo IdeaPad Flex 5i 14"" Touchscreen 2-in-1 Laptop - Storm Grey (Intel Core i5-1235U/512GB SSD/8GB RAM)",$649.99,0.0,0,https://www.bestbuy.ca/en-ca/product/lenovo-ideapad-flex-5i-14-touchscreen-2-in-1-laptop-storm-grey-intel-core-i5-1235u-512gb-ssd-8gb-ram/17732139
"ASUS CM34 Flip 14"" Touchscreen Chromebook w/ 1 year of Gemini Advanced (AMD Ryzen 5 7520C/256GB SSD/8GB RAM)",$799.99,4.53,17,https://www.bestbuy.ca/en-ca/product/asus-cm34-flip-14-touchscreen-chromebook-w-1-year-of-gemini-advanced-amd-ryzen-5-7520c-256gb-ssd-8gb-ram/17631513
"HP Pavilion Plus 14"" Laptop (Intel Core Ultra 7 with Intel Evo/32GB RAM/1TB SSD)","$1,399.99",5.0,3,https://www.bestbuy.ca/en-ca/product/hp-pavilion-plus-14-laptop-intel-core-ultra-7-with-intel-evo-32gb-ram-1tb-ssd/17725751
"Microsoft Surface Laptop 13.8"" Touchscreen Copilot+ PC Laptop (Snapdragon X Plus/16GB RAM/512GB SSD) (2024) - Black - EN","$1,699.99",4.79,29,https://www.bestbuy.ca/en-ca/product/microsoft-surface-laptop-13-8-touchscreen-copilot-pc-laptop-snapdragon-x-plus-16gb-ram-512gb-ssd-2024-black-en/17924130
"Acer 15.6"" Chromebook - Silver (Intel Celeron N4500/128GB/8GB RAM/ChromeOS)",$429.99,4.6,10,https://www.bestbuy.ca/en-ca/product/acer-15-6-chromebook-silver-intel-celeron-n4500-128gb-8gb-ram-chromeos/17739396
"Alienware 14"" Laptop - Lunar Silver (Intel Core i7-13620H/16GB RAM/512GB SSD/RTX 4050) - English","$1,399.99",3.89,9,https://www.bestbuy.ca/en-ca/product/alienware-14-laptop-lunar-silver-intel-core-i7-13620h-16gb-ram-512gb-ssd-rtx-4050-english/17983844
"Lenovo IdeaPad Slim 3i 14"" Chromebook Plus w/ 1 year of Gemini Advanced (Intel Core i3-N305/128GB eMMC/8GB RAM)",$399.99,4.5,2,https://www.bestbuy.ca/en-ca/product/lenovo-ideapad-slim-3i-14-chromebook-plus-w-1-year-of-gemini-advanced-intel-core-i3-n305-128gb-emmc-8gb-ram/17732144
"Brand New - Lenovo IdeaPad Slim 7 - 16IAH7 16"" Laptop Intel Core i7-12700H 16GB Ram 1TB SSD Windows 11",$848.99,0.0,0,https://www.bestbuy.ca/en-ca/product/brand-new-lenovo-ideapad-slim-7-16iah7-16-laptop-intel-core-i7-12700h-16gb-ram-1tb-ssd-windows-11/18170645
"Lenovo IdeaPad Duet 5 13.3"" Touchscreen 2-in-1 Chromebook - Abyss Blue (Qualcomm Snapdragon 7c Gen 2/128GB SSD/8GB RAM)",$649.99,4.0,5,https://www.bestbuy.ca/en-ca/product/lenovo-ideapad-duet-5-13-3-touchscreen-2-in-1-chromebook-abyss-blue-qualcomm-snapdragon-7c-gen-2-128gb-ssd-8gb-ram/17732137
"Lenovo IdeaPad Slim 3 14"" Touchscreen Chromebook - Cloud Grey (MediaTek Kompanio 520/128GB eMMC/8GB RAM)",$449.99,4.59,27,https://www.bestbuy.ca/en-ca/product/lenovo-ideapad-slim-3-14-touchscreen-chromebook-cloud-grey-mediatek-kompanio-520-128gb-emmc-8gb-ram/17732142
"ASUS ROG Strix G16 16"" Gaming Laptop - Eclipse Grey (Intel Core i9-14900HX/1TB SSD/32GB RAM/GeForce RTX 4060)","$2,499.99",5.0,2,https://www.bestbuy.ca/en-ca/product/asus-rog-strix-g16-16-gaming-laptop-eclipse-grey-intel-core-i9-14900hx-1tb-ssd-32gb-ram-geforce-rtx-4060/17698147
"Microsoft Surface Laptop 15"" Touchscreen Copilot+ PC Laptop (Snapdragon X Elite/16GB RAM/512GB SSD) (2024) - Black - EN","$2,149.99",4.83,24,https://www.bestbuy.ca/en-ca/product/microsoft-surface-laptop-15-touchscreen-copilot-pc-laptop-snapdragon-x-elite-16gb-ram-512gb-ssd-2024-black-en/17924149
"Apple MacBook Air 13.6"" w/ Touch ID (2022) - Starlight (Apple M2 Chip / 256GB SSD / 8GB RAM) - English","$1,299.99",4.91,2395,https://www.bestbuy.ca/en-ca/product/apple-macbook-air-13-6-w-touch-id-2022-starlight-apple-m2-chip-256gb-ssd-8gb-ram-english/16282192
"ASUS CM30 Detachable 10.5"" 2-in-1 Chromebook with Stylus - Fog Silver (MediaTek K 520/4GB RAM/128GB eMMC)",$399.99,4.43,7,https://www.bestbuy.ca/en-ca/product/asus-cm30-detachable-10-5-2-in-1-chromebook-with-stylus-fog-silver-mediatek-k-520-4gb-ram-128gb-emmc/17929909
"Apple MacBook Air 15"" w/ Touch ID (2024) - Midnight (Apple M3 Chip / 256GB SSD / 8GB RAM) - English","$1,749.99",4.92,224,https://www.bestbuy.ca/en-ca/product/apple-macbook-air-15-w-touch-id-2024-midnight-apple-m3-chip-256gb-ssd-8gb-ram-english/17755705
"Apple MacBook Air 13.3"" w/ Touch ID (Fall 2020) - Space Grey (Apple M1 Chip / 256GB SSD / 8GB RAM) - En",$999.99,4.86,12068,https://www.bestbuy.ca/en-ca/product/apple-macbook-air-13-3-w-touch-id-fall-2020-space-grey-apple-m1-chip-256gb-ssd-8gb-ram-en/15136919
"MSI Cyborg 15 A12U 15.6"" Gaming Laptop - Black (Intel Core i5-12450H/512GB SSD/8GB RAM/GeForce RTX 2050)",$699.99,4.0,5,https://www.bestbuy.ca/en-ca/product/msi-cyborg-15-a12u-15-6-gaming-laptop-black-intel-core-i5-12450h-512gb-ssd-8gb-ram-geforce-rtx-2050/17539021
"ASUS ROG Zephyrus G16 OLED Nebula 16"" Gaming Laptop -Eclipse Grey (Intel Core Ultra 9 185H/1TB SSD/32GB RAM/GeForce RTX 4070)","$2,699.99",4.67,6,https://www.bestbuy.ca/en-ca/product/asus-rog-zephyrus-g16-oled-nebula-16-gaming-laptop-eclipse-grey-intel-core-ultra-9-185h-1tb-ssd-32gb-ram-geforce-rtx-4070/17717064
"ASUS Zenbook Duo 14"" OLED Touchscreen Laptop (Intel EVO Ultra 9 - 185H /32GB RAM/1TB SSD)","$2,499.99",4.06,16,https://www.bestbuy.ca/en-ca/product/asus-zenbook-duo-14-oled-touchscreen-laptop-intel-evo-ultra-9-185h-32gb-ram-1tb-ssd/17929910
"Apple MacBook Air 15"" w/ Touch ID (2023) - Space Grey (Apple M2 Chip / 256GB SSD / 8GB RAM) - English","$1,399.95",4.9,739,https://www.bestbuy.ca/en-ca/product/apple-macbook-air-15-w-touch-id-2023-space-grey-apple-m2-chip-256gb-ssd-8gb-ram-english/17146825
"ASUS ROG Strix G18 18"" Gaming Laptop - Eclipse Grey (Intel Core i9-14900HX/1TB SSD/32GB RAM/GeForce RTX 4070)","$2,599.99",3.75,4,https://www.bestbuy.ca/en-ca/product/asus-rog-strix-g18-18-gaming-laptop-eclipse-grey-intel-core-i9-14900hx-1tb-ssd-32gb-ram-geforce-rtx-4070/17700714
"ASUS TUF Gaming A15 15.6"" Gaming Laptop - Mecha Grey (AMD Ryzen 7 8845HS/1TB SSD/32GB RAM/GeForce RTX 4060)","$1,799.99",5.0,1,https://www.bestbuy.ca/en-ca/product/asus-tuf-gaming-a15-15-6-gaming-laptop-mecha-grey-amd-ryzen-7-8845hs-1tb-ssd-32gb-ram-geforce-rtx-4060/17698112
"Microsoft Surface Laptop 13.8"" Touchscreen Copilot+ PC Laptop (Snapdragon X Plus/16GB RAM/512GB SSD) (2024) - Platinum - EN","$1,699.99",4.78,9,https://www.bestbuy.ca/en-ca/product/microsoft-surface-laptop-13-8-touchscreen-copilot-pc-laptop-snapdragon-x-plus-16gb-ram-512gb-ssd-2024-platinum-en/17924132
"Microsoft Surface Laptop Go 3 12.45"" Touchscreen Laptop - Ice Blue (Intel i5-1235U/256GB SSD/8GB RAM)","$1,099.99",4.2,5,https://www.bestbuy.ca/en-ca/product/microsoft-surface-laptop-go-3-12-45-touchscreen-laptop-ice-blue-intel-i5-1235u-256gb-ssd-8gb-ram/17212077
"Microsoft Surface Laptop 13.8"" Touchscreen Copilot+ PC Laptop (Snapdragon X Elite/16GB RAM/512GB SSD) (2024) - Platinum - EN","$1,999.99",4.6,10,https://www.bestbuy.ca/en-ca/product/microsoft-surface-laptop-13-8-touchscreen-copilot-pc-laptop-snapdragon-x-elite-16gb-ram-512gb-ssd-2024-platinum-en/17924128
"ASUS Vivobook S 16 Flip 16"" Touchscreen Laptop - Midnight Black (Intel Core i9-13900H/1TB SSD/16GB RAM)","$1,399.99",4.2,5,https://www.bestbuy.ca/en-ca/product/asus-vivobook-s-16-flip-16-touchscreen-laptop-midnight-black-intel-core-i9-13900h-1tb-ssd-16gb-ram/17957652
"Samsung Galaxy Book4 Edge 16"" Touchscreen Copilot+ PC Laptop (Snapdragon X Elite/16GB RAM/512GB SSD/Windows 11)","$1,799.99",4.45,186,https://www.bestbuy.ca/en-ca/product/samsung-galaxy-book4-edge-16-touchscreen-copilot-pc-laptop-snapdragon-x-elite-16gb-ram-512gb-ssd-windows-11/17937875
"Microsoft Surface Laptop 15"" Touchscreen Copilot+ PC Laptop (Snapdragon X Elite/16GB RAM/512GB SSD) (2024) - Platinum - EN","$2,149.99",4.89,28,https://www.bestbuy.ca/en-ca/product/microsoft-surface-laptop-15-touchscreen-copilot-pc-laptop-snapdragon-x-elite-16gb-ram-512gb-ssd-2024-platinum-en/17924143
"Microsoft Surface Laptop 13.8"" Touchscreen Copilot+ PC Laptop (Snapdragon X Elite/16GB RAM/1TB SSD) (2024) - Black - EN","$2,249.99",5.0,1,https://www.bestbuy.ca/en-ca/product/microsoft-surface-laptop-13-8-touchscreen-copilot-pc-laptop-snapdragon-x-elite-16gb-ram-1tb-ssd-2024-black-en/17924123
"MSI Vector 17 Series 17"" Gaming Laptop -Cosmos Grey (Intel Core i9-14900HX /1TB/32GB RAM/GeForce RTX 4070)","$1,999.99",0.0,0,https://www.bestbuy.ca/en-ca/product/msi-vector-17-series-17-gaming-laptop-cosmos-grey-intel-core-i9-14900hx-1tb-32gb-ram-geforce-rtx-4070/17685420
"Open Box - ASUS CM14 14"" Chromebook - Gravity Grey (MediaTek Kompanio 520/64GB eMMC/4GB RAM/ChromeOS)",$179.99,0.0,0,https://www.bestbuy.ca/en-ca/product/open-box-asus-cm14-14-chromebook-gravity-grey-mediatek-kompanio-520-64gb-emmc-4gb-ram-chromeos/17920194
"Apple MacBook Air 13"" w/ Touch ID (2024) - Midnight (Apple M3 Chip / 512GB SSD / 16GB RAM) - English","$1,949.99",4.91,280,https://www.bestbuy.ca/en-ca/product/apple-macbook-air-13-w-touch-id-2024-midnight-apple-m3-chip-512gb-ssd-16gb-ram-english/17755716
"Refurbished (Excellent) - APPLE Macbook Air 13"" Intel Core i5-5250U, 8GB, 128GB SSD -2015 Model- (A1466 / MJVE2LL/A) (Grade A-Excellent)",$274.00,3.25,4,https://www.bestbuy.ca/en-ca/product/refurbished-excellent-apple-macbook-air-13-intel-core-i5-5250u-8gb-128gb-ssd-2015-model-a1466-mjve2ll-a-grade-a-excellent/14365647
"Apple MacBook Pro 16.2"" (Fall 2023) - Space Black (Apple M3 Pro / 512GB SSD / 18GB RAM) - English","$3,299.99",4.89,555,https://www.bestbuy.ca/en-ca/product/apple-macbook-pro-16-2-fall-2023-space-black-apple-m3-pro-512gb-ssd-18gb-ram-english/17476623
"Open Box - Apple MacBook Air (2022) 13.6"" w/ Touch ID - Midnight (Apple M2 Chip / 512GB SSD / 8GB RAM) - Eng","$1,199.97",0.0,0,https://www.bestbuy.ca/en-ca/product/open-box-apple-macbook-air-2022-13-6-w-touch-id-midnight-apple-m2-chip-512gb-ssd-8gb-ram-eng/16531710
"Lenovo Yoga Slim 7x 14.5"" OLED Touchscreen Copilot+ PC Laptop (Snapdragon X Elite/16GB RAM/1TB SSD)","$1,549.99",4.22,9,https://www.bestbuy.ca/en-ca/product/lenovo-yoga-slim-7x-14-5-oled-touchscreen-copilot-pc-laptop-snapdragon-x-elite-16gb-ram-1tb-ssd/17930942
"Open Box - Apple MacBook Air 13.3"" w/ Touch ID (2020) - Space Grey (Apple M1 Chip/256GB SSD/8GB RAM) -En",$879.99,4.08,12,https://www.bestbuy.ca/en-ca/product/open-box-apple-macbook-air-13-3-w-touch-id-2020-space-grey-apple-m1-chip-256gb-ssd-8gb-ram-en/15204817
"HP 14"" x360 Chromebook - Glacier Silver (Intel N-series N100/128 GB/4GB RAM/ChromeOS)",$479.99,3.5,8,https://www.bestbuy.ca/en-ca/product/hp-14-x360-chromebook-glacier-silver-intel-n-series-n100-128-gb-4gb-ram-chromeos/17907959
"HP - 14-inch Micro-edge HD Display Laptop - Intel Celeron N4120 - 4GB Memory - 64GB eMMC - Windows 11 Home S mode, Thin & Portable - One Year of Microsoft 365 - Pink",$249.99,0.0,0,https://www.bestbuy.ca/en-ca/product/hp-14-inch-micro-edge-hd-display-laptop-intel-celeron-n4120-4gb-memory-64gb-emmc-windows-11-home-s-mode-thin-portable-one-year-of-microsoft-365-pink/17811741
"Dell XPS 13.4"" OLED Touchscreen Copilot+ PC Laptop - Graphite (Snapdragon X Elite/16GB RAM/512GB SSD/Win 11)","$1,899.99",4.2,93,https://www.bestbuy.ca/en-ca/product/dell-xps-13-4-oled-touchscreen-copilot-pc-laptop-graphite-snapdragon-x-elite-16gb-ram-512gb-ssd-win-11/17935300
"ASUS Vivobook 15.6"" OLED Laptop - Indie Black (Intel Core i7-13700H /1TB SSD/16GB RAM/Windows 11 Home)","$1,199.99",4.75,4,https://www.bestbuy.ca/en-ca/product/asus-vivobook-15-6-oled-laptop-indie-black-intel-core-i7-13700h-1tb-ssd-16gb-ram-windows-11-home/17631507
"Refurbished (Excellent) Microsoft Surface Laptop 5 - Intel Core i5-1235U/8GB LPDDR5x/256GB SSD/Windows 11 Home/13.5"" Screen - Platinum",$699.99,0.0,0,https://www.bestbuy.ca/en-ca/product/refurbished-excellent-microsoft-surface-laptop-5-intel-core-i5-1235u-8gb-lpddr5x-256gb-ssd-windows-11-home-13-5-screen-platinum/17716354
"Open Box - ASUS ROG Strix G17 17.3"" Gaming Laptop - (AMD Ryzen 7 6800H/512GB SSD/16GB RAM/RTX 3050)- En",$899.97,0.0,0,https://www.bestbuy.ca/en-ca/product/open-box-asus-rog-strix-g17-17-3-gaming-laptop-amd-ryzen-7-6800h-512gb-ssd-16gb-ram-rtx-3050-en/17937363
Acer 15.6” Aspire 3 Touch Screen Laptop (AMD Ryzen 5-7520U/8Gb RAM/512Gb SSD/Win11) - Open Box w/ 1 Year Warranty,$439.00,0.0,0,https://www.bestbuy.ca/en-ca/product/acer-15-6-aspire-3-touch-screen-laptop-amd-ryzen-5-7520u-8gb-ram-512gb-ssd-win11-open-box-w-1-year-warranty/17147586
"ASUS Vivobook S 15 OLED 15.6"" Copilot+ PC Laptop - Cool Silver (Snapdragon X Elite/32GB RAM/1TB SSD)","$1,799.99",3.38,8,https://www.bestbuy.ca/en-ca/product/asus-vivobook-s-15-oled-15-6-copilot-pc-laptop-cool-silver-snapdragon-x-elite-32gb-ram-1tb-ssd/17937118
"ASUS CX34 14"" Touchscreen Chromebook Plus w/ 1 year of Gemini Advanced (Intel Core i3-1215U/128GB/8GB RAM)",$599.99,4.35,31,https://www.bestbuy.ca/en-ca/product/asus-cx34-14-touchscreen-chromebook-plus-w-1-year-of-gemini-advanced-intel-core-i3-1215u-128gb-8gb-ram/17631511
"ASUS ROG Strix SCAR 18 18"" Gaming Laptop (Intel Core i9-14900HX/1TB SSD/32GB RAM/GeForce RTX 4080)","$3,499.99",4.29,7,https://www.bestbuy.ca/en-ca/product/asus-rog-strix-scar-18-18-gaming-laptop-intel-core-i9-14900hx-1tb-ssd-32gb-ram-geforce-rtx-4080/17700715
"MSI Cyborg 15 15.6"" Gaming Laptop - Black (Intel Core i7-13620H/512GB/16GB RAM/GeForce RTX 4060)","$1,299.99",4.0,2,https://www.bestbuy.ca/en-ca/product/msi-cyborg-15-15-6-gaming-laptop-black-intel-core-i7-13620h-512gb-16gb-ram-geforce-rtx-4060/17685419
"ASUS TUF A15 15.6"" Gaming Laptop - Graphite Black (AMD Ryzen 5 7535HS/1TB SSD/16GB RAM/GeForce RTX 2050)",$899.99,3.67,3,https://www.bestbuy.ca/en-ca/product/asus-tuf-a15-15-6-gaming-laptop-graphite-black-amd-ryzen-5-7535hs-1tb-ssd-16gb-ram-geforce-rtx-2050/17697536
"Acer Nitro V 15 15.6"" Gaming Laptop - Black (Intel Core i5-13420H/512GB SSD/8GB RAM/RTX2050/Windows 11)",$999.99,3.0,2,https://www.bestbuy.ca/en-ca/product/acer-nitro-v-15-15-6-gaming-laptop-black-intel-core-i5-13420h-512gb-ssd-8gb-ram-rtx2050-windows-11/17698610
"Apple MacBook Air 13.3"" w/ Touch ID (Fall 2020) - Gold (Apple M1 Chip / 256GB SSD / 8GB RAM) - Fr",$999.99,5.0,11,https://www.bestbuy.ca/en-ca/product/apple-macbook-air-13-3-w-touch-id-fall-2020-gold-apple-m1-chip-256gb-ssd-8gb-ram-fr/15136912
"Refurbished (Excellent) - Apple MacBook Pro 13"" Touch Bar - Intel Core i5-2.9GHz - 256GB SSD - 8GB RAM - Late 2016 (A1706) MLH12LL/A (Grade A)",$679.00,4.0,3,https://www.bestbuy.ca/en-ca/product/refurbished-excellent-apple-macbook-pro-13-touch-bar-intel-core-i5-2-9ghz-256gb-ssd-8gb-ram-late-2016-a1706-mlh12ll-a-grade-a/13810939
"Microsoft Surface Laptop 15"" Touchscreen Copilot+ PC Laptop (Snapdragon X Elite/16GB RAM/256GB SSD) (2024) - Platinum - EN","$1,849.99",4.76,41,https://www.bestbuy.ca/en-ca/product/microsoft-surface-laptop-15-touchscreen-copilot-pc-laptop-snapdragon-x-elite-16gb-ram-256gb-ssd-2024-platinum-en/17924119
"MSI Thin 15 15.6"" Gaming Laptop - Cosmos Grey (Intel Core i7-13620H/512GB/16GB RAM/GeForce RTX 4050)","$1,099.99",4.5,2,https://www.bestbuy.ca/en-ca/product/msi-thin-15-15-6-gaming-laptop-cosmos-grey-intel-core-i7-13620h-512gb-16gb-ram-geforce-rtx-4050/17685417
"Alienware 16"" Gaming Laptop - Dark Metallic Moon (Intel Core Ultra 7 155H/32GB RAM/1TB SSD/GeForce RTX 4070)","$2,699.99",4.72,730,https://www.bestbuy.ca/en-ca/product/alienware-16-gaming-laptop-dark-metallic-moon-intel-core-ultra-7-155h-32gb-ram-1tb-ssd-geforce-rtx-4070/17914591
"HP 15.6"" Touchscreen Laptop - Natural Silver (Intel Core i7-1355U/1TB SSD/16GB RAM/Windows 11 Home)","$1,299.99",3.8,84,https://www.bestbuy.ca/en-ca/product/hp-15-6-touchscreen-laptop-natural-silver-intel-core-i7-1355u-1tb-ssd-16gb-ram-windows-11-home/16938170
"Apple MacBook Air 13.6"" w/ Touch ID (2022) - Space Grey (Apple M2 Chip / 256GB SSD / 8GB RAM) - English","$1,299.99",4.9,1630,https://www.bestbuy.ca/en-ca/product/apple-macbook-air-13-6-w-touch-id-2022-space-grey-apple-m2-chip-256gb-ssd-8gb-ram-english/16282184
"Lenovo Yoga Slim 7x 14.5"" OLED Touchscreen Copilot+ PC Laptop (Snapdragon X Elite/16GB RAM/512GB SSD)","$1,499.99",4.75,4,https://www.bestbuy.ca/en-ca/product/lenovo-yoga-slim-7x-14-5-oled-touchscreen-copilot-pc-laptop-snapdragon-x-elite-16gb-ram-512gb-ssd/17930943
