Title,Price
Brunswick Sardines In Spring Water,
Cheese Cracker Sandwiches Ritz Bits Snack Pack,
Wheat Thins Vegetable Thins Crackers,
Kerr’s Molasses Kisses,
Christie Vegetable Thins 40% Less Fat Vegetable Flavoured Crackers,
Ritz Mini Cracker,
Christie's Peanut Butter Ritz Bits Sandwiches,
Waterbridge Sesame Candy,
CLOVER LEAF Light Tuna Chunk in Water,
Cadbury Crunchie King Size Chocolate Bar,
Ritz Cheese Flavour Crackers,
The Hershey Company Big Box of Chocolate Covered Malted Milk Balls,
Quick Milk Cookies & Cream Flavour Magic Sipper,
Nestle Minis Assorted Chocolate Bars,
Cheese Cracker Sandwiches Cheese Flavoured Cracker Sandwiches,
Brunswick Canadian Sardines In Spring Water,
CLOVER LEAF Skipjack Light Tuna Chunks,
"Hershey's Pot of Gold Milk Chocolate Collection, Holiday & Christmas Boxed Chocolates",
Hershey's Kisses Grinch Holiday Milk Chocolate,
Cheez-It Original Cheddar Flavoured Crackers,
Hershey's Cotton Candy Flavoured Chocolate Bars,
D Gourmet Ritz Style Crackers,
Dollarama Christmas Box of 8 Mini Crackers - 5 5 in,
"Dollarama Christmas Crackers Box - 9""",
The Hershey Company Big Box of Chocolate Covered Malted Milk Balls,
Dollarama Candy Look Christmas Plastic Cane,
Easy Eats Flaked Light Tuna-Lemon & Cracker Pepper,
D Gourmet Vegetable Crackers,
CLOVER LEAF Light Tuna Chunk in Water,
No Name NN TUNA LT CHUNK WATER,
No Name NN TUNA LT FLAKE WATER,
The Hershey Company Big Box of Chocolate Covered Malted Milk Balls,
Snappers Original Milk Chocolate,
Ritz Wheat Thins Original Cracker,
No Name NN CRACKERS & CHEESE,
Parfurms De Coeur Cotton Candy Fantasies Signature Body Spray For Women,
Ritz Wheat Thins Original Cracker,
Crispers Bits & Bites Original Flavour Snack & Cracker Mix,
Glosette Chocolate Covered Raisins Big Box,
TWIX Caramel Singles Size Chocolate Cookie Bar,
Hershey REESE’S Miniatures with Reese Puffs,
REESE'S Multi Big Cups Puffs,
Waterbridge Sesame Candy,
CLOVER LEAF Light Tuna Chunk in Water,
Cadbury Crunchie King Size Chocolate Bar,
Ritz Cheese Flavour Crackers,
The Hershey Company Big Box of Chocolate Covered Malted Milk Balls,
Quick Milk Cookies & Cream Flavour Magic Sipper,
Nestle Minis Assorted Chocolate Bars,
Cheese Cracker Sandwiches Cheese Flavoured Cracker Sandwiches,
Brunswick Canadian Sardines In Spring Water,
CLOVER LEAF Skipjack Light Tuna Chunks,
"Hershey's Pot of Gold Milk Chocolate Collection, Holiday & Christmas Boxed Chocolates",
Hershey's Kisses Grinch Holiday Milk Chocolate,
Cheez-It Original Cheddar Flavoured Crackers,
Hershey's Cotton Candy Flavoured Chocolate Bars,
D Gourmet Ritz Style Crackers,
Dollarama Christmas Box of 8 Mini Crackers - 5 5 in,
"Dollarama Christmas Crackers Box - 9""",
The Hershey Company Big Box of Chocolate Covered Malted Milk Balls,
Dollarama Candy Look Christmas Plastic Cane,
Easy Eats Flaked Light Tuna-Lemon & Cracker Pepper,
D Gourmet Vegetable Crackers,
CLOVER LEAF Light Tuna Chunk in Water,
No Name NN TUNA LT CHUNK WATER,
No Name NN TUNA LT FLAKE WATER,
The Hershey Company Big Box of Chocolate Covered Malted Milk Balls,
Snappers Original Milk Chocolate,
Ritz Wheat Thins Original Cracker,
No Name NN CRACKERS & CHEESE,
Reese's Big Cup w/Potato Chips Shop,
Hershey's King Size Reese's Peanut Butter Sticks,
Nestle Chunky King Size Bars,
Hershey's Cookies 'N' Creme Candy Bar,
REESE'S Nougat Single Bar,
Reese's Peanut Butter Pumpkins Halloween Candy,
Waterbridge Sesame Candy,
CLOVER LEAF Light Tuna Chunk in Water,
Cadbury Crunchie King Size Chocolate Bar,
Ritz Cheese Flavour Crackers,
The Hershey Company Big Box of Chocolate Covered Malted Milk Balls,
Quick Milk Cookies & Cream Flavour Magic Sipper,
Nestle Minis Assorted Chocolate Bars,
Cheese Cracker Sandwiches Cheese Flavoured Cracker Sandwiches,
Brunswick Canadian Sardines In Spring Water,
CLOVER LEAF Skipjack Light Tuna Chunks,
"Hershey's Pot of Gold Milk Chocolate Collection, Holiday & Christmas Boxed Chocolates",
Hershey's Kisses Grinch Holiday Milk Chocolate,
Cheez-It Original Cheddar Flavoured Crackers,
Hershey's Cotton Candy Flavoured Chocolate Bars,
D Gourmet Ritz Style Crackers,
Dollarama Christmas Box of 8 Mini Crackers - 5 5 in,
"Dollarama Christmas Crackers Box - 9""",
The Hershey Company Big Box of Chocolate Covered Malted Milk Balls,
Dollarama Candy Look Christmas Plastic Cane,
Easy Eats Flaked Light Tuna-Lemon & Cracker Pepper,
D Gourmet Vegetable Crackers,
CLOVER LEAF Light Tuna Chunk in Water,
No Name NN TUNA LT CHUNK WATER,
No Name NN TUNA LT FLAKE WATER,
The Hershey Company Big Box of Chocolate Covered Malted Milk Balls,
Snappers Original Milk Chocolate,
Ritz Wheat Thins Original Cracker,
No Name NN CRACKERS & CHEESE,
