Title,Link,Price,Product Rating,Reviewer Count
Acer Chromebook 315 15.6 inch Laptop Intel Processor N4500 4GB RAM 64GB eMMC Pure Silver,https://www.walmart.com/sp/track?bt=1&eventST=click&plmt=sp-search-middle~desktop~&pos=1&tax=1085632_1071204_5186082_4126170_5681475&rdf=1&rd=https%3A%2F%2Fwww.walmart.com%2Fip%2FAcer-Chromebook-315-15-6-inch-Laptop-Intel-Processor-N4500-4GB-RAM-64GB-eMMC-Pure-Silver%2F3193557250%3FclassType%3DVARIANT%26athbdg%3DL2000%26adsRedirect%3Dtrue&adUid=e0509a17-ce42-4a0d-b279-95f5f50a1649&mloc=sp-search-middle&pltfm=desktop&pgId=laptop&pt=search&spQs=KhmMUJ7LZFwOTYtKUcpHBGMGCIugz_k2cmZ_TYjA23yb1znqsTO2a0eLwKUnGe7fFAJjhoKBKXM6z9T_F1jTsvLwjyWF9wUSgC4X1qimdq4lDEmTkZdsaFMYnu2rq0VVHN4AaiHzsRswPVNO0xwakQgz88dDm4IW6h0KhFwBr5QNNt3B3zWlM8rrwfGe_DGME--5GnbB6aY58P9q6TdjUlfhqGkC7H1CHdT2gSeTDFSsVK2cMWYTjK8vrgqobkm-2OgfsWRqzT42MnpdJ8NdWQ&storeId=3081&couponState=na&bkt=ace1_default%7Cace2_default%7Cace3_11102%7Ccoldstart_off%7Csearch_best_seller_badge_var_2_exp_rweb&classType=VARIANT&athbdg=L2000,$179.00,4.4,2746
Lenovo IdeaPad Slim 3 15.6 inch Windows Laptop AMD Ryzen 5-7520U 8GB RAM 256GB SSD Arctic Grey,https://www.walmart.com/sp/track?bt=1&eventST=click&plmt=sp-search-middle~desktop~&pos=2&tax=1085632_1071204_5186082_4126170_5681475&rdf=1&rd=https%3A%2F%2Fwww.walmart.com%2Fip%2FLenovo-Ideapad-Slim-3-15-6-inch-FHD-IPS-Laptop-AMD-Ryzen-5-7520U-8GB-RAM-256GB-SSD-Arctic-Grey%2F5096127174%3FclassType%3DREGULAR%26athbdg%3DL1600%26adsRedirect%3Dtrue&adUid=e0509a17-ce42-4a0d-b279-95f5f50a1649&mloc=sp-search-middle&pltfm=desktop&pgId=laptop&pt=search&spQs=kdVDkgs7EsUsq88RasVQ6jppB-qNKU_9aVX1bO_5EglI-2iFJBOAlARJi1MrOEWNTqsLJhHPBmeHTOmn0RSYCWh73NpP5Y4fsOObng6sPamdQngZ75i53l9CQG6GRsCk9_BlnxL9mNKJ9cVwfhUNgyay4WMGAw_-TRiV4mnmLiHNpgzJP0TKMikaj9lKBZpaFjQU0TYKd55UkghIfbZvasQ0UJl7hiNx8z0jcfxHQeRWi7f_DU7vNw2RhH9uWOVjkneYhOD_GK-qwlh4Wmw0kg&storeId=3081&couponState=na&bkt=ace1_default%7Cace2_default%7Cace3_11102%7Ccoldstart_off%7Csearch_best_seller_badge_var_2_exp_rweb&classType=REGULAR&athbdg=L1600,$349.00,4.6,142
Lenovo Ideapad Slim 3 15.6 inch FHD Touch Windows Laptop AMD Ryzen 7-7730U 16GB RAM 512GB SSD Abyss Blue,https://www.walmart.com/sp/track?bt=1&eventST=click&plmt=sp-search-middle~desktop~&pos=3&tax=1085632_1071204_5186082_4126170_5681475&rdf=1&rd=https%3A%2F%2Fwww.walmart.com%2Fip%2FLenovo-Ideapad-Slim-3-15-6-inch-FHD-IPS-Touch-Laptop-AMD-Ryzen-7-7730U-16GB-RAM-512GB-SSD-Abyss-Blue%2F5098188190%3FclassType%3DREGULAR%26adsRedirect%3Dtrue&adUid=e0509a17-ce42-4a0d-b279-95f5f50a1649&mloc=sp-search-middle&pltfm=desktop&pgId=laptop&pt=search&spQs=XkWjrDz8ODLO495J71dgaR8NUYi4zqxwDfuj33WgKWhggWzDgIMdhkkiVDcYbWvXTqsLJhHPBmeHTOmn0RSYCWh73NpP5Y4fsOObng6sPamdQngZ75i53l9CQG6GRsCklzcyAOOcGEB8Yern1CirzaEby5DbMRTBp2DFGC26DiHNpgzJP0TKMikaj9lKBZpaFjQU0TYKd55UkghIfbZvasQ0UJl7hiNx8z0jcfxHQeRWi7f_DU7vNw2RhH9uWOVjkneYhOD_GK-qwlh4Wmw0kg&storeId=3081&couponState=na&bkt=ace1_default%7Cace2_default%7Cace3_11102%7Ccoldstart_off%7Csearch_best_seller_badge_var_2_exp_rweb&classType=REGULAR,$599.00,4.6,141
"Lenovo V15 G2 Business Laptop, 15.6"" FHD Screen, Intel Celeron N4500, 16GB RAM, 1TB SSD, Webcam, HDMI, Wi-Fi, Windows 11 Home, Black",https://www.walmart.com/sp/track?bt=1&eventST=click&plmt=sp-search-middle~desktop~&pos=4&tax=1085632_1071204_5186082_4126170_5681475&rdf=1&rd=https%3A%2F%2Fwww.walmart.com%2Fip%2FLenovo-V15-G2-Business-Laptop-15-6-FHD-Screen-Intel-Celeron-N4500-16GB-RAM-1TB-SSD-Webcam-HDMI-Wi-Fi-Windows-11-Home-Black%2F5287340612%3FclassType%3DVARIANT%26adsRedirect%3Dtrue&adUid=e0509a17-ce42-4a0d-b279-95f5f50a1649&mloc=sp-search-middle&pltfm=desktop&pgId=laptop&pt=search&spQs=4AIdmfDRjnlzzMYoYxEUc58LB9PecPVEbYm8mH02M4Jw3_JLk1rLzPDhp0IoXeTS-Up388LNP34euBMiPfqEZ9QSrGVA1sa0RFQbeU30FxQ0JogOK-WnpPcgQiSllennD7DqyONTpQHczOH7RfcDvF6AS-okt34TLFiLXbYDP2UNNt3B3zWlM8rrwfGe_DGMIsOoSN8Y0r6nJCqwGL9zbNNhqjm90liUWfNI47d1o4VScXzFGyhEe__ftSXlCvFiYIOAjOVbfwRqT4c7q969-g&storeId=3081&couponState=na&bkt=ace1_default%7Cace2_default%7Cace3_11102%7Ccoldstart_off%7Csearch_best_seller_badge_var_2_exp_rweb&classType=VARIANT,$349.00,4.4,14
"Apple MacBook Air 13.3 inch Laptop - Space Gray, M1 Chip, Built for Apple Intelligence, 8GB RAM, 256GB storage",https://www.walmart.com/ip/Apple-MacBook-Air-13-3-inch-Laptop-Space-Gray-M1-Chip-8GB-RAM-256GB-storage/609040889?classType=VARIANT&athbdg=L1600&from=/search,$649.00,4.7,3392
HP 15.6 inch Windows Laptop Intel Core i3-N305 8GB RAM 256GB SSD Natural Silver,https://www.walmart.com/ip/HP-15-6-inch-Laptop-Intel-Core-i3-N305-8GB-RAM-256GB-SSD-Natural-Silver/5098188131?classType=VARIANT&athbdg=L1600&from=/search,$329.00,4.4,91
HP 15.6 inch Windows Laptop Intel Core i5-1235U 8GB RAM 256GB SSD Spruce Blue,https://www.walmart.com/ip/HP-15-6-inch-Laptop-Intel-Core-i5-1235U-8GB-RAM-256GB-SSD-Spruce-Blue/5464020316?classType=REGULAR&athbdg=L1600&from=/search,$349.00,4.4,459
Lenovo IdeaPad Slim 3 15.6 inch Windows Laptop AMD Ryzen 5-7520U 8GB RAM 256GB SSD Arctic Grey,https://www.walmart.com/ip/Lenovo-Ideapad-Slim-3-15-6-inch-FHD-IPS-Laptop-AMD-Ryzen-5-7520U-8GB-RAM-256GB-SSD-Arctic-Grey/5096127174?classType=REGULAR&athbdg=L1600&from=/search,$349.00,4.6,142
ASUS Vivobook Go 15.6 inch Windows Laptop Intel Core i3-N305 8GB RAM 256GB UFS Black,https://www.walmart.com/ip/ASUS-Vivobook-Go-15-6-PC-Laptop-Intel-i3-N305-8GB-256GB-Win-11-Home-S-mode-Mixed-Black-E1504GA-WS36/5727766555?classType=REGULAR&athbdg=L2000&from=/search,$299.00,No rating,No reviews
Acer Chromebook 315 15.6 inch Laptop Intel Processor N4500 4GB RAM 64GB eMMC Pure Silver,https://www.walmart.com/sp/track?bt=1&eventST=click&plmt=sp-search-middle~desktop~&pos=1&tax=1085632_1071204_5186082_4126170_5681475&rdf=1&rd=https%3A%2F%2Fwww.walmart.com%2Fip%2FAcer-Chromebook-315-15-6-inch-Laptop-Intel-Processor-N4500-4GB-RAM-64GB-eMMC-Pure-Silver%2F3193557250%3FclassType%3DVARIANT%26adsRedirect%3Dtrue&adUid=99e1fe53-ae2a-4e9d-94ed-52d09b65eaa0&mloc=sp-search-middle&pltfm=desktop&pgId=laptop&pt=search&spQs=KhmMUJ7LZFwOTYtKUcpHBGMGCIugz_k2cmZ_TYjA23yb1znqsTO2a0eLwKUnGe7fDHaFNtfYhZ5zgmkiVCl5hoKgvwkIEhlo-M56T9hI8ZdkiRWWYV3aKq0AyRbOKvEeZUgkh7v4iR73Ctr0-FdExFor56UjdyNVSlUaGFcughTk6b0wQjVC-Cy8ZjXkLPcqmDmyoq5GbWz0ZR2zZUzRx3oShKWSb8t4T5lC6qX4WPVvp84jbaPmlEGVtyip40N4_0JbSx9QlmeoDSbNODFzgg&storeId=3081&couponState=na&bkt=ace1_11137%7Cace2_default%7Cace3_11102%7Ccoldstart_on%7Csearch_default&classType=VARIANT,$179.00,4.4,2746
Lenovo IdeaPad Slim 3 15.6 inch Windows Laptop AMD Ryzen 5-7520U 8GB RAM 256GB SSD Arctic Grey,https://www.walmart.com/sp/track?bt=1&eventST=click&plmt=sp-search-middle~desktop~&pos=2&tax=1085632_1071204_5186082_4126170_5681475&rdf=1&rd=https%3A%2F%2Fwww.walmart.com%2Fip%2FLenovo-Ideapad-Slim-3-15-6-inch-FHD-IPS-Laptop-AMD-Ryzen-5-7520U-8GB-RAM-256GB-SSD-Arctic-Grey%2F5096127174%3FclassType%3DREGULAR%26athbdg%3DL1600%26adsRedirect%3Dtrue&adUid=99e1fe53-ae2a-4e9d-94ed-52d09b65eaa0&mloc=sp-search-middle&pltfm=desktop&pgId=laptop&pt=search&spQs=kdVDkgs7EsUsq88RasVQ6jppB-qNKU_9aVX1bO_5EglI-2iFJBOAlARJi1MrOEWNTqsLJhHPBmeHTOmn0RSYCSsmYF9uXSFPyD2cImr5YrmdQngZ75i53l9CQG6GRsCksXeyrY_7PK6achUVPg6XxHvSC0x17fcwgWQAxyppS2_NpgzJP0TKMikaj9lKBZpaFjQU0TYKd55UkghIfbZvasQ0UJl7hiNx8z0jcfxHQeRWi7f_DU7vNw2RhH9uWOVjkneYhOD_GK-qwlh4Wmw0kg&storeId=3081&couponState=na&bkt=ace1_11137%7Cace2_default%7Cace3_11102%7Ccoldstart_on%7Csearch_default&classType=REGULAR&athbdg=L1600,$349.00,4.6,142
Lenovo Ideapad Slim 3 15.6 inch FHD Touch Windows Laptop AMD Ryzen 7-7730U 16GB RAM 512GB SSD Abyss Blue,https://www.walmart.com/sp/track?bt=1&eventST=click&plmt=sp-search-middle~desktop~&pos=3&tax=1085632_1071204_5186082_4126170_5681475&rdf=1&rd=https%3A%2F%2Fwww.walmart.com%2Fip%2FLenovo-Ideapad-Slim-3-15-6-inch-FHD-IPS-Touch-Laptop-AMD-Ryzen-7-7730U-16GB-RAM-512GB-SSD-Abyss-Blue%2F5098188190%3FclassType%3DREGULAR%26athbdg%3DL1600%26adsRedirect%3Dtrue&adUid=99e1fe53-ae2a-4e9d-94ed-52d09b65eaa0&mloc=sp-search-middle&pltfm=desktop&pgId=laptop&pt=search&spQs=XkWjrDz8ODLO495J71dgaR8NUYi4zqxwDfuj33WgKWhggWzDgIMdhkkiVDcYbWvXTqsLJhHPBmeHTOmn0RSYCSsmYF9uXSFPyD2cImr5YrmdQngZ75i53l9CQG6GRsCkVLE89eFxqjyScaSRXf6GdSjrXjEO_6YMqzoY8qb58xHNpgzJP0TKMikaj9lKBZpaFjQU0TYKd55UkghIfbZvasQ0UJl7hiNx8z0jcfxHQeRWi7f_DU7vNw2RhH9uWOVjkneYhOD_GK-qwlh4Wmw0kg&storeId=3081&couponState=na&bkt=ace1_11137%7Cace2_default%7Cace3_11102%7Ccoldstart_on%7Csearch_default&classType=REGULAR&athbdg=L1600,$599.00,4.6,141
"Lenovo V15 G2 Business Laptop, 15.6"" FHD Screen, Intel Celeron N4500, 16GB RAM, 1TB SSD, Webcam, HDMI, Wi-Fi, Windows 11 Home, Black",https://www.walmart.com/sp/track?bt=1&eventST=click&plmt=sp-search-middle~desktop~&pos=4&tax=1085632_1071204_5186082_4126170_5681475&rdf=1&rd=https%3A%2F%2Fwww.walmart.com%2Fip%2FLenovo-V15-G2-Business-Laptop-15-6-FHD-Screen-Intel-Celeron-N4500-16GB-RAM-1TB-SSD-Webcam-HDMI-Wi-Fi-Windows-11-Home-Black%2F5287340612%3FclassType%3DVARIANT%26athbdg%3DL1600%26adsRedirect%3Dtrue&adUid=99e1fe53-ae2a-4e9d-94ed-52d09b65eaa0&mloc=sp-search-middle&pltfm=desktop&pgId=laptop&pt=search&spQs=4AIdmfDRjnlzzMYoYxEUc58LB9PecPVEbYm8mH02M4Jw3_JLk1rLzPDhp0IoXeTS-Up388LNP34euBMiPfqEZ9fJQBdNKJGN_OyvtmsoKUo0JogOK-WnpPcgQiSllenn0ELJzsaIr8mPUwknjCLhU1ne1WB8fWWDLtdJ0PCofQUkN6Y0EdkZDXppRhzc-E6ZOj9ecGEBHdwvagpcDD7c7HoShKWSb8t4T5lC6qX4WPVvp84jbaPmlEGVtyip40N4_0JbSx9QlmeoDSbNODFzgg&storeId=3081&couponState=na&bkt=ace1_11137%7Cace2_default%7Cace3_11102%7Ccoldstart_on%7Csearch_default&classType=VARIANT&athbdg=L1600,$349.00,4.4,14
HP Pavilion 16 inch Laptop AMD Ryzen 7-8840U AI PC 8GB RAM 512GB SSD Meteor Silver,https://www.walmart.com/ip/HP-Pavilion-16-inch-Laptop-AMD-Ryzen-7-8840U-8GB-RAM-512GB-SSD-Meteor-Silver/5144705567?classType=REGULAR&from=/search,$649.00,4.3,9
"Acer Chromebook 315 (2023), 15.6"" FHD, Intel Celeron N4500 4GB RAM, 128GB eMMC, Pure Silver, Protective Sleeve Included, CB315-4H-C5PT",https://www.walmart.com/ip/Acer-Chromebook-315-2023-15-6-FHD-Intel-Celeron-N4500-4GB-RAM-128GB-eMMC-Pure-Silver-Protective-Sleeve-Included-CB315-4H-C5PT/3781391706?classType=REGULAR&from=/search,$227.90,4.3,136
"NBD Mini Laptop 10.1 inch Quad Core Powered Android 12.0 Netbook Computer with Bag, Mouse, and Mouse Pad for Kids",https://www.walmart.com/ip/NBD-Mini-Laptop-10-1-inch-Quad-Core-Powered-Android-12-0-Netbook-Computer-with-Bag-Mouse-and-Mouse-Pad-for-Kids/5293967170?classType=VARIANT&from=/search,$143.96,3.6,7
"Pre-Owned Apple MacBook Air MJVM2LL/A Intel Core i5-5250U X2 1.6GHz 4GB 128GB SSD, Silver",https://www.walmart.com/ip/Pre-Owned-Apple-MacBook-Air-MJVM2LL-A-Intel-Core-i5-5250U-X2-1-6GHz-4GB-128GB-SSD-Silver/676532549?classType=VARIANT&athbdg=L1600&from=/search,$139.99,3.8,310
"NBD 10 inch Mini Laptop,Windows 11 Notebook ,8GB+128GB Intel Celeron Quad-Core Processors Netbook Computer with Bag, Mouse, Headphone and Mouse Pad",https://www.walmart.com/ip/NBD-10-inch-Mini-Laptop-Windows-11-Notebook-8GB-128GB-Intel-Celeron-Quad-Core-Processors-Netbook-Computer-with-Bag-Mouse-Headphone-and-Mouse-Pad/5244649851?classType=REGULAR&athbdg=L1600&from=/search,$199.96,4,20
"ASUS Vivobook 16 PC Laptop, Intel Core i7-1255U, 16GB, 512GB, Win 11 Home, Black, F1605ZA-WS74",https://www.walmart.com/ip/ASUS-Vivobook-16-inch-WUXGA-IPS-Laptop-Intel-Core-i7-1255U-16GB-RAM-512GB-SSD-Black/5023779612?classType=REGULAR&from=/search,$528.00,4.6,333
Acer Chromebook 315 15.6 inch Laptop Intel Processor N4500 4GB RAM 64GB eMMC Pure Silver,https://www.walmart.com/sp/track?bt=1&eventST=click&plmt=sp-search-middle~desktop~&pos=1&tax=1085632_1071204_5186082_4126170_5681475&rdf=1&rd=https%3A%2F%2Fwww.walmart.com%2Fip%2FAcer-Chromebook-315-15-6-inch-Laptop-Intel-Processor-N4500-4GB-RAM-64GB-eMMC-Pure-Silver%2F3193557250%3FclassType%3DVARIANT%26adsRedirect%3Dtrue&adUid=bcd407dc-2aae-4568-9be7-e3a3fbe0d2fc&mloc=sp-search-middle&pltfm=desktop&pgId=laptop&pt=search&spQs=KhmMUJ7LZFwOTYtKUcpHBGMGCIugz_k2cmZ_TYjA23yb1znqsTO2a0eLwKUnGe7fFAJjhoKBKXM6z9T_F1jTsssnIZO0AooFOoUQ7Flb4kIlDEmTkZdsaFMYnu2rq0VVHN4AaiHzsRswPVNO0xwakQgz88dDm4IW6h0KhFwBr5QNNt3B3zWlM8rrwfGe_DGME--5GnbB6aY58P9q6TdjUlfhqGkC7H1CHdT2gSeTDFSsVK2cMWYTjK8vrgqobkm-2OgfsWRqzT42MnpdJ8NdWQ&storeId=3081&couponState=na&bkt=ace1_11095%7Cace2_11162%7Cace3_11102%7Ccoldstart_on%7Csearch_best_seller_badge_var_2_exp_rweb&classType=VARIANT,$179.00,4.4,2746
Lenovo IdeaPad Slim 3 15.6 inch Windows Laptop AMD Ryzen 5-7520U 8GB RAM 256GB SSD Arctic Grey,https://www.walmart.com/sp/track?bt=1&eventST=click&plmt=sp-search-middle~desktop~&pos=2&tax=1085632_1071204_5186082_4126170_5681475&rdf=1&rd=https%3A%2F%2Fwww.walmart.com%2Fip%2FLenovo-Ideapad-Slim-3-15-6-inch-FHD-IPS-Laptop-AMD-Ryzen-5-7520U-8GB-RAM-256GB-SSD-Arctic-Grey%2F5096127174%3FclassType%3DREGULAR%26athbdg%3DL1600%26adsRedirect%3Dtrue&adUid=bcd407dc-2aae-4568-9be7-e3a3fbe0d2fc&mloc=sp-search-middle&pltfm=desktop&pgId=laptop&pt=search&spQs=kdVDkgs7EsUsq88RasVQ6jppB-qNKU_9aVX1bO_5EglI-2iFJBOAlARJi1MrOEWNTqsLJhHPBmeHTOmn0RSYCXU5WKyCvVnBBTH7pjtimGKdQngZ75i53l9CQG6GRsCk9_BlnxL9mNKJ9cVwfhUNgyay4WMGAw_-TRiV4mnmLiHNpgzJP0TKMikaj9lKBZpaFjQU0TYKd55UkghIfbZvasQ0UJl7hiNx8z0jcfxHQeRWi7f_DU7vNw2RhH9uWOVjkneYhOD_GK-qwlh4Wmw0kg&storeId=3081&couponState=na&bkt=ace1_11095%7Cace2_11162%7Cace3_11102%7Ccoldstart_on%7Csearch_best_seller_badge_var_2_exp_rweb&classType=REGULAR&athbdg=L1600,$349.00,4.6,142
Lenovo Ideapad Slim 3 15.6 inch FHD Touch Windows Laptop AMD Ryzen 7-7730U 16GB RAM 512GB SSD Abyss Blue,https://www.walmart.com/sp/track?bt=1&eventST=click&plmt=sp-search-middle~desktop~&pos=3&tax=1085632_1071204_5186082_4126170_5681475&rdf=1&rd=https%3A%2F%2Fwww.walmart.com%2Fip%2FLenovo-Ideapad-Slim-3-15-6-inch-FHD-IPS-Touch-Laptop-AMD-Ryzen-7-7730U-16GB-RAM-512GB-SSD-Abyss-Blue%2F5098188190%3FclassType%3DREGULAR%26athbdg%3DL1600%26adsRedirect%3Dtrue&adUid=bcd407dc-2aae-4568-9be7-e3a3fbe0d2fc&mloc=sp-search-middle&pltfm=desktop&pgId=laptop&pt=search&spQs=XkWjrDz8ODLO495J71dgaR8NUYi4zqxwDfuj33WgKWhggWzDgIMdhkkiVDcYbWvXTqsLJhHPBmeHTOmn0RSYCXU5WKyCvVnBBTH7pjtimGKdQngZ75i53l9CQG6GRsCklzcyAOOcGEB8Yern1CirzaEby5DbMRTBp2DFGC26DiHNpgzJP0TKMikaj9lKBZpaFjQU0TYKd55UkghIfbZvasQ0UJl7hiNx8z0jcfxHQeRWi7f_DU7vNw2RhH9uWOVjkneYhOD_GK-qwlh4Wmw0kg&storeId=3081&couponState=na&bkt=ace1_11095%7Cace2_11162%7Cace3_11102%7Ccoldstart_on%7Csearch_best_seller_badge_var_2_exp_rweb&classType=REGULAR&athbdg=L1600,$599.00,4.6,141
"Lenovo V15 G2 Business Laptop, 15.6"" FHD Screen, Intel Celeron N4500, 16GB RAM, 1TB SSD, Webcam, HDMI, Wi-Fi, Windows 11 Home, Black",https://www.walmart.com/sp/track?bt=1&eventST=click&plmt=sp-search-middle~desktop~&pos=4&tax=1085632_1071204_5186082_4126170_5681475&rdf=1&rd=https%3A%2F%2Fwww.walmart.com%2Fip%2FLenovo-V15-G2-Business-Laptop-15-6-FHD-Screen-Intel-Celeron-N4500-16GB-RAM-1TB-SSD-Webcam-HDMI-Wi-Fi-Windows-11-Home-Black%2F5287340612%3FclassType%3DVARIANT%26adsRedirect%3Dtrue&adUid=bcd407dc-2aae-4568-9be7-e3a3fbe0d2fc&mloc=sp-search-middle&pltfm=desktop&pgId=laptop&pt=search&spQs=4AIdmfDRjnlzzMYoYxEUc58LB9PecPVEbYm8mH02M4Jw3_JLk1rLzPDhp0IoXeTS-Up388LNP34euBMiPfqEZ-kRzLjGlaNIBTX4v-Q2r4E0JogOK-WnpPcgQiSllennU-4YKQvnwfUAjbDsAtnOOw8fTCjZNB6pRUDPZ5CF5vENNt3B3zWlM8rrwfGe_DGMIsOoSN8Y0r6nJCqwGL9zbNNhqjm90liUWfNI47d1o4VScXzFGyhEe__ftSXlCvFiYIOAjOVbfwRqT4c7q969-g&storeId=3081&couponState=na&bkt=ace1_11095%7Cace2_11162%7Cace3_11102%7Ccoldstart_on%7Csearch_best_seller_badge_var_2_exp_rweb&classType=VARIANT,$349.00,4.4,14
"ASUS TUF F15 Gaming PC Laptop, 15.6 144Hz FHD Display, Intel Core i5, Nvidia GeForce RTX 3050, 8GB DDR4 RAM, 512GB PCIe SSD, Wi-Fi 6, Windows 11, FX506HC-RS51",https://www.walmart.com/ip/ASUS-TUF-F15-Gaming-PC-Laptop-15-6-144Hz-FHD-Display-Intel-Core-i5-Nvidia-GeForce-RTX-3050-8GB-DDR4-RAM-512GB-PCIe-SSD-Wi-Fi-6-Windows-11-FX506HC-RS5/1705691734?classType=REGULAR&athbdg=L1600&from=/search,$649.00,4.7,84
"LG gram 16"" WQXGA Windows Laptop Intel Core i7-1360P Intel Evo Edition 16GB RAM 512GB SSD Black",https://www.walmart.com/ip/LG-gram-16-inch-WQXGA-Laptop-Intel-Core-i7-1360P-Intel-Evo-Edition-16GB-RAM-512GB-SSD-Black/5113175667?classType=REGULAR&from=/search,$949.00,5,7
Acer Aspire 3 Spin 14 inch WUXGA IPS Touch 2-in-1 Laptop Intel Core i3-N305 8GB RAM 256GB SSD Pure Silver,https://www.walmart.com/ip/Acer-Aspire-3-Spin-14-inch-WUXGA-IPS-Touch-2-in-1-Laptop-Intel-Core-i3-N305-8GB-RAM-256GB-SSD-Pure-Silver/2822122301?classType=VARIANT&athbdg=L1600&from=/search,$309.00,4.4,35
"Acer Chromebook 315 (2019), 15.6"" HD, Intel Celeron N4020, 4GB RAM, 64GB eMMC, Silver, CB315-3H-C19A",https://www.walmart.com/ip/Acer-CB315-3H-C19A-15-6-HD-Celeron-N4020-1-1GHz-Intel-UHD-Graphics-600-4GB-RAM-64GB-SSD-Chrome-OS-Pure-Silver/826255173?classType=VARIANT&from=/search,$182.69,4.2,1418
"HP ENVY 15.6"" FHD Touch x360 2-in-1 Convertible Laptop, Intel Core i7-1355U, 12GB RAM, 512GB SSD, Mineral Silver, Windows 11 Home, 15-ew1082wm",https://www.walmart.com/ip/HP-ENVY-15-6-FHD-Touch-x360-2-in-1-Convertible-Laptop-Intel-Core-i7-1355U-12GB-RAM-512GB-SSD-Mineral-Silver-Windows-11-Home-15-ew1082wm/2473796167?classType=VARIANT&from=/search,$692.00,No rating,No reviews
"Gateway 15.6"" FHD PC Laptop, Intel Pentium Silver N5030, 4GB RAM, 128GB HD, Windows 10 Home (S Mode), Blue, GWTN156-11BL",https://www.walmart.com/ip/Gateway-15-6-FHD-PC-Laptop-Intel-Pentium-Silver-N5030-4GB-RAM-128GB-HD-Windows-10-Home-S-Mode-Blue-GWTN156-11BL/775342798?classType=REGULAR&from=/search,$249.00,2.5,22
Acer Chromebook 315 15.6 inch Laptop Intel Processor N4500 4GB RAM 64GB eMMC Pure Silver,https://www.walmart.com/sp/track?bt=1&eventST=click&plmt=sp-search-middle~desktop~&pos=1&tax=1085632_1071204_5186082_4126170_5681475&rdf=1&rd=https%3A%2F%2Fwww.walmart.com%2Fip%2FAcer-Chromebook-315-15-6-inch-Laptop-Intel-Processor-N4500-4GB-RAM-64GB-eMMC-Pure-Silver%2F3193557250%3FclassType%3DVARIANT%26adsRedirect%3Dtrue&adUid=a1e1226f-67e7-4ae2-9c25-50a3f6c0dba7&mloc=sp-search-middle&pltfm=desktop&pgId=laptop&pt=search&spQs=KhmMUJ7LZFwOTYtKUcpHBGMGCIugz_k2cmZ_TYjA23yb1znqsTO2a0eLwKUnGe7fFAJjhoKBKXM6z9T_F1jTsnH9FHdlnOJ0ul3v5-burJ8lDEmTkZdsaFMYnu2rq0VVHN4AaiHzsRswPVNO0xwakQgz88dDm4IW6h0KhFwBr5QNNt3B3zWlM8rrwfGe_DGME--5GnbB6aY58P9q6TdjUlfhqGkC7H1CHdT2gSeTDFSsVK2cMWYTjK8vrgqobkm-2OgfsWRqzT42MnpdJ8NdWQ&storeId=3081&couponState=na&bkt=ace1_11140%7Cace2_default%7Cace3_11103%7Ccoldstart_on%7Csearch_best_seller_badge_var_2_exp_rweb&classType=VARIANT,$179.00,4.4,2746
Lenovo IdeaPad Slim 3 15.6 inch Windows Laptop AMD Ryzen 5-7520U 8GB RAM 256GB SSD Arctic Grey,https://www.walmart.com/sp/track?bt=1&eventST=click&plmt=sp-search-middle~desktop~&pos=2&tax=1085632_1071204_5186082_4126170_5681475&rdf=1&rd=https%3A%2F%2Fwww.walmart.com%2Fip%2FLenovo-Ideapad-Slim-3-15-6-inch-FHD-IPS-Laptop-AMD-Ryzen-5-7520U-8GB-RAM-256GB-SSD-Arctic-Grey%2F5096127174%3FclassType%3DREGULAR%26athbdg%3DL1600%26adsRedirect%3Dtrue&adUid=a1e1226f-67e7-4ae2-9c25-50a3f6c0dba7&mloc=sp-search-middle&pltfm=desktop&pgId=laptop&pt=search&spQs=kdVDkgs7EsUsq88RasVQ6jppB-qNKU_9aVX1bO_5EglI-2iFJBOAlARJi1MrOEWNTqsLJhHPBmeHTOmn0RSYCTpQG-gOzDfj_GFN2gYlaImdQngZ75i53l9CQG6GRsCk9_BlnxL9mNKJ9cVwfhUNgyay4WMGAw_-TRiV4mnmLiHNpgzJP0TKMikaj9lKBZpaFjQU0TYKd55UkghIfbZvasQ0UJl7hiNx8z0jcfxHQeRWi7f_DU7vNw2RhH9uWOVjkneYhOD_GK-qwlh4Wmw0kg&storeId=3081&couponState=na&bkt=ace1_11140%7Cace2_default%7Cace3_11103%7Ccoldstart_on%7Csearch_best_seller_badge_var_2_exp_rweb&classType=REGULAR&athbdg=L1600,$349.00,4.6,142
Lenovo Ideapad Slim 3 15.6 inch FHD Touch Windows Laptop AMD Ryzen 7-7730U 16GB RAM 512GB SSD Abyss Blue,https://www.walmart.com/sp/track?bt=1&eventST=click&plmt=sp-search-middle~desktop~&pos=3&tax=1085632_1071204_5186082_4126170_5681475&rdf=1&rd=https%3A%2F%2Fwww.walmart.com%2Fip%2FLenovo-Ideapad-Slim-3-15-6-inch-FHD-IPS-Touch-Laptop-AMD-Ryzen-7-7730U-16GB-RAM-512GB-SSD-Abyss-Blue%2F5098188190%3FclassType%3DREGULAR%26athbdg%3DL1600%26adsRedirect%3Dtrue&adUid=a1e1226f-67e7-4ae2-9c25-50a3f6c0dba7&mloc=sp-search-middle&pltfm=desktop&pgId=laptop&pt=search&spQs=XkWjrDz8ODLO495J71dgaR8NUYi4zqxwDfuj33WgKWhggWzDgIMdhkkiVDcYbWvXTqsLJhHPBmeHTOmn0RSYCTpQG-gOzDfj_GFN2gYlaImdQngZ75i53l9CQG6GRsCklzcyAOOcGEB8Yern1CirzaEby5DbMRTBp2DFGC26DiHNpgzJP0TKMikaj9lKBZpaFjQU0TYKd55UkghIfbZvasQ0UJl7hiNx8z0jcfxHQeRWi7f_DU7vNw2RhH9uWOVjkneYhOD_GK-qwlh4Wmw0kg&storeId=3081&couponState=na&bkt=ace1_11140%7Cace2_default%7Cace3_11103%7Ccoldstart_on%7Csearch_best_seller_badge_var_2_exp_rweb&classType=REGULAR&athbdg=L1600,$599.00,4.6,141
"Lenovo V15 G2 Business Laptop, 15.6"" FHD Screen, Intel Celeron N4500, 16GB RAM, 1TB SSD, Webcam, HDMI, Wi-Fi, Windows 11 Home, Black",https://www.walmart.com/sp/track?bt=1&eventST=click&plmt=sp-search-middle~desktop~&pos=4&tax=1085632_1071204_5186082_4126170_5681475&rdf=1&rd=https%3A%2F%2Fwww.walmart.com%2Fip%2FLenovo-V15-G2-Business-Laptop-15-6-FHD-Screen-Intel-Celeron-N4500-16GB-RAM-1TB-SSD-Webcam-HDMI-Wi-Fi-Windows-11-Home-Black%2F5287340612%3FclassType%3DVARIANT%26adsRedirect%3Dtrue&adUid=a1e1226f-67e7-4ae2-9c25-50a3f6c0dba7&mloc=sp-search-middle&pltfm=desktop&pgId=laptop&pt=search&spQs=4AIdmfDRjnlzzMYoYxEUc58LB9PecPVEbYm8mH02M4Jw3_JLk1rLzPDhp0IoXeTS-Up388LNP34euBMiPfqEZ0YYr-UESzf5Z6Rj6_fn0iM0JogOK-WnpPcgQiSllennD7DqyONTpQHczOH7RfcDvF6AS-okt34TLFiLXbYDP2UNNt3B3zWlM8rrwfGe_DGMIsOoSN8Y0r6nJCqwGL9zbNNhqjm90liUWfNI47d1o4VScXzFGyhEe__ftSXlCvFiYIOAjOVbfwRqT4c7q969-g&storeId=3081&couponState=na&bkt=ace1_11140%7Cace2_default%7Cace3_11103%7Ccoldstart_on%7Csearch_best_seller_badge_var_2_exp_rweb&classType=VARIANT,$349.00,4.4,14
"Restored Apple MacBook Air Laptop Core i5 1.8GHz 8GB RAM 128GB SSD 13"" MQD32LL/A (2017) (Refurbished)",https://www.walmart.com/ip/Restored-Apple-MacBook-Air-Laptop-Core-i5-1-8GHz-8GB-RAM-128GB-SSD-13-MQD32LL-A-2017-Refurbished/356110454?classType=REGULAR&from=/search,$170.39,3.7,27
"HP 14"" FHD Pavilion x360 Laptop, Intel Core i5-1235U, 8GB, 256GB, Silver, Windows 11, 14-dy2050wm",https://www.walmart.com/ip/HP-14-FHD-Pavilion-x360-Laptop-Intel-Core-i5-1235U-8GB-256GB-Silver-Windows-11-14-dy2050wm/753966076?classType=REGULAR&from=/search,$509.00,4.2,209
"13-inch MacBook Air: Apple M3 chip with 8-core CPU and 8-core GPU, 8GB, 256GB SSD - Midnight",https://www.walmart.com/ip/13-inch-MacBook-Air-Apple-M3-chip-with-8-core-CPU-and-8-core-GPU-8GB-256GB-SSD-Midnight/5334698370?classType=VARIANT&from=/search,"$1,029.00",4.8,23
Acer Predator Helios Neo 14.5 inch QHD+ 120Hz Gaming Laptop Intel Core Ultra 7-155H AI PC NVIDIA GeForce RTX 4070 16GB DDR5 RAM 1TB SSD Obsidian Black (2024),https://www.walmart.com/ip/Acer-Predator-Helios-Neo-14-5-inch-QHD-120Hz-Gaming-Laptop-Intel-Core-Ultra-7-155H-NVIDIA-GeForce-RTX-4070-16GB-DDR5-RAM-1TB-SSD-Obsidian-Black-2024/5164753187?classType=REGULAR&from=/search,"$1,599.00",4.8,24
"Acer Nitro 5 Gaming laptop, 15.6"" Full HD IPS 144Hz Display, 12th Gen Intel Core i7-12650H, NVIDIA GeForce RTX 4050 Laptop GPU, 16GB DDR5, 1TB PCIe Gen 4 SSD, Windows 11 Home, AN515-58-75NM",https://www.walmart.com/ip/Acer-Nitro-5-Gaming-laptop-15-6-Full-HD-IPS-144Hz-Display-12th-Gen-Intel-Core-i7-12650H-NVIDIA-GeForce-RTX-4050-Laptop-GPU-16GB-DDR5-1TB-PCIe-4-SSD-W/2682994252?classType=REGULAR&from=/search,$870.00,4.6,250
"HP 15.6"" FHD, Intel Core i7-1165G7, 8GB RAM, 512GB SSD, Silver, Windows 11, 15-dy2172wm",https://www.walmart.com/ip/HP-15-6-FHD-Intel-Core-i7-1165G7-8GB-RAM-512GB-SSD-Silver-Windows-11-15-dy2172wm/649015725?classType=VARIANT&athbdg=L1600&from=/search,$465.99,4.1,625
Acer Chromebook 315 15.6 inch Laptop Intel Processor N4500 4GB RAM 64GB eMMC Pure Silver,https://www.walmart.com/sp/track?bt=1&eventST=click&plmt=sp-search-middle~desktop~&pos=1&tax=1085632_1071204_5186082_4126170_5681475&rdf=1&rd=https%3A%2F%2Fwww.walmart.com%2Fip%2FAcer-Chromebook-315-15-6-inch-Laptop-Intel-Processor-N4500-4GB-RAM-64GB-eMMC-Pure-Silver%2F3193557250%3FclassType%3DVARIANT%26adsRedirect%3Dtrue&adUid=1f73a67a-3f10-40f9-a121-81b696339be3&mloc=sp-search-middle&pltfm=desktop&pgId=laptop&pt=search&spQs=KhmMUJ7LZFwOTYtKUcpHBGMGCIugz_k2cmZ_TYjA23yb1znqsTO2a0eLwKUnGe7fFAJjhoKBKXM6z9T_F1jTsqUh1d-tPtgDLxL-r1ohJ6QlDEmTkZdsaFMYnu2rq0VVHN4AaiHzsRswPVNO0xwakQgz88dDm4IW6h0KhFwBr5QNNt3B3zWlM8rrwfGe_DGME--5GnbB6aY58P9q6TdjUlfhqGkC7H1CHdT2gSeTDFSsVK2cMWYTjK8vrgqobkm-2OgfsWRqzT42MnpdJ8NdWQ&storeId=3081&couponState=na&bkt=ace1_11095%7Cace2_11148%7Cace3_11103%7Ccoldstart_on%7Csearch_default&classType=VARIANT,$179.00,4.4,2746
Lenovo IdeaPad Slim 3 15.6 inch Windows Laptop AMD Ryzen 5-7520U 8GB RAM 256GB SSD Arctic Grey,https://www.walmart.com/sp/track?bt=1&eventST=click&plmt=sp-search-middle~desktop~&pos=2&tax=1085632_1071204_5186082_4126170_5681475&rdf=1&rd=https%3A%2F%2Fwww.walmart.com%2Fip%2FLenovo-Ideapad-Slim-3-15-6-inch-FHD-IPS-Laptop-AMD-Ryzen-5-7520U-8GB-RAM-256GB-SSD-Arctic-Grey%2F5096127174%3FclassType%3DREGULAR%26athbdg%3DL1600%26adsRedirect%3Dtrue&adUid=1f73a67a-3f10-40f9-a121-81b696339be3&mloc=sp-search-middle&pltfm=desktop&pgId=laptop&pt=search&spQs=kdVDkgs7EsUsq88RasVQ6jppB-qNKU_9aVX1bO_5EglI-2iFJBOAlARJi1MrOEWNTqsLJhHPBmeHTOmn0RSYCQY1IWMqPsY_tuUujccW7s2dQngZ75i53l9CQG6GRsCk9_BlnxL9mNKJ9cVwfhUNgyay4WMGAw_-TRiV4mnmLiHNpgzJP0TKMikaj9lKBZpaFjQU0TYKd55UkghIfbZvasQ0UJl7hiNx8z0jcfxHQeRWi7f_DU7vNw2RhH9uWOVjkneYhOD_GK-qwlh4Wmw0kg&storeId=3081&couponState=na&bkt=ace1_11095%7Cace2_11148%7Cace3_11103%7Ccoldstart_on%7Csearch_default&classType=REGULAR&athbdg=L1600,$349.00,4.6,142
Lenovo Ideapad Slim 3 15.6 inch FHD Touch Windows Laptop AMD Ryzen 7-7730U 16GB RAM 512GB SSD Abyss Blue,https://www.walmart.com/sp/track?bt=1&eventST=click&plmt=sp-search-middle~desktop~&pos=3&tax=1085632_1071204_5186082_4126170_5681475&rdf=1&rd=https%3A%2F%2Fwww.walmart.com%2Fip%2FLenovo-Ideapad-Slim-3-15-6-inch-FHD-IPS-Touch-Laptop-AMD-Ryzen-7-7730U-16GB-RAM-512GB-SSD-Abyss-Blue%2F5098188190%3FclassType%3DREGULAR%26athbdg%3DL1600%26adsRedirect%3Dtrue&adUid=1f73a67a-3f10-40f9-a121-81b696339be3&mloc=sp-search-middle&pltfm=desktop&pgId=laptop&pt=search&spQs=XkWjrDz8ODLO495J71dgaR8NUYi4zqxwDfuj33WgKWhggWzDgIMdhkkiVDcYbWvXTqsLJhHPBmeHTOmn0RSYCQY1IWMqPsY_tuUujccW7s2dQngZ75i53l9CQG6GRsCklzcyAOOcGEB8Yern1CirzaEby5DbMRTBp2DFGC26DiHNpgzJP0TKMikaj9lKBZpaFjQU0TYKd55UkghIfbZvasQ0UJl7hiNx8z0jcfxHQeRWi7f_DU7vNw2RhH9uWOVjkneYhOD_GK-qwlh4Wmw0kg&storeId=3081&couponState=na&bkt=ace1_11095%7Cace2_11148%7Cace3_11103%7Ccoldstart_on%7Csearch_default&classType=REGULAR&athbdg=L1600,$599.00,4.6,141
"Lenovo V15 G2 Business Laptop, 15.6"" FHD Screen, Intel Celeron N4500, 16GB RAM, 1TB SSD, Webcam, HDMI, Wi-Fi, Windows 11 Home, Black",https://www.walmart.com/sp/track?bt=1&eventST=click&plmt=sp-search-middle~desktop~&pos=4&tax=1085632_1071204_5186082_4126170_5681475&rdf=1&rd=https%3A%2F%2Fwww.walmart.com%2Fip%2FLenovo-V15-G2-Business-Laptop-15-6-FHD-Screen-Intel-Celeron-N4500-16GB-RAM-1TB-SSD-Webcam-HDMI-Wi-Fi-Windows-11-Home-Black%2F5287340612%3FclassType%3DVARIANT%26adsRedirect%3Dtrue&adUid=1f73a67a-3f10-40f9-a121-81b696339be3&mloc=sp-search-middle&pltfm=desktop&pgId=laptop&pt=search&spQs=4AIdmfDRjnlzzMYoYxEUc58LB9PecPVEbYm8mH02M4Jw3_JLk1rLzPDhp0IoXeTS-Up388LNP34euBMiPfqEZ6SBLFpcq4F22OK81mcG6Hs0JogOK-WnpPcgQiSllenn0xZCcrt8Ad3nG69v3MQw1hK8vNvvTqxeV9f9v0uIu2okN6Y0EdkZDXppRhzc-E6ZOj9ecGEBHdwvagpcDD7c7HoShKWSb8t4T5lC6qX4WPVvp84jbaPmlEGVtyip40N4_0JbSx9QlmeoDSbNODFzgg&storeId=3081&couponState=na&bkt=ace1_11095%7Cace2_11148%7Cace3_11103%7Ccoldstart_on%7Csearch_default&classType=VARIANT,$349.00,4.4,14
"Lenovo Legion Pro 5 16"" WQXGA 165Hz IPS, AMD Ryzen 7 7745HX, NVIDIA GeForce RTX4070, 32GB RAM, 1TB SSD, Onyx Grey, Windows 11, 82WM004QUS",https://www.walmart.com/ip/Lenovo-Legion-Pro-5-16-WQXGA-165Hz-IPS-AMD-Ryzen-7-7745HX-NVIDIA-GeForce-RTX4070-32GB-RAM-1TB-SSD-Onyx-Grey-Windows-11-82WM004QUS/3570233817?classType=REGULAR&athbdg=L1600&from=/search,"$1,849.00",4.5,102
"Acer Aspire 3, 15.6"" Full HD Display, 11th Gen Intel Core i3-1115G4, 4GB DDR4, 128GB NVMe SSD, Windows 11 Home in S mode, A315-58-33XS",https://www.walmart.com/ip/Acer-Aspire-3-15-6-FHD-Laptop-Intel-Core-i3-1115G4-4GB-DDR4-128GB-NVMe-SSD-Silver-Windows-11-Home-in-S-Mode-A315-58-33XS/371556667?classType=REGULAR&from=/search,$348.00,4.4,197
"Lenovo IdeaPad Flex 5i 14"" FHD 2-in-1 Touchscreen Laptop, Intel Core i3-1115G4, 4GB RAM, 128GB SSD, Graphite Gray, Windows 11 in S Mode, 82HS00R9US",https://www.walmart.com/ip/Lenovo-Flex-5i-14-0-FHD-Touch-Core-i3-1115G4-4GB-128GB-Graphite-Grey-Windows-11-S-82HS00R9US/866819117?classType=VARIANT&from=/search,$336.00,4.4,1038
"ASUS CM3200 Chromebook, 12"" HD+ Touch 2-in-1, MediaTek 8192, 4GB RAM, 64GB eMMC, Chrome OS, Mineral Gray, CM3200FM1A-WS44T",https://www.walmart.com/ip/ASUS-CM3200-Chromebook-12-HD-Touch-2-in-1-MediaTek-8192-4GB-RAM-64GB-eMMC-Chrome-OS-Mineral-Gray-CM3200FM1A-WS44T/884666252?classType=REGULAR&from=/search,$243.00,4.2,185
HP Chromebook Plus x360 14 inch FHD IPS Touch 2-in-1 Laptop with Google AI Intel Core i3-N305 8GB RAM 128GB UFS Meteor Silver,https://www.walmart.com/ip/HP-Chromebook-Plus-X360-14-inch-FHD-IPS-Touch-2-in-1-Laptop-with-Google-AI-Intel-Core-i3-N305-8GB-RAM-128GB-UFS-Meteor-Silver/5096127129?classType=REGULAR&from=/search,$429.00,5,13
"SAMSUNG Chromebook 4+ 15.6"" FHD LED Display, Intel Celeron N4000, 4GB RAM, 64GB eMMC, Intel UHD Graphics 600, Platinum - XE350XBA-K02US",https://www.walmart.com/ip/SAMSUNG-Chromebook-4-15-6-Intel-Celeron-Processor-N4000-4GB-RAM-64GB-eMMC-Intel-UHD-Graphics-600-XE350XBA-K02US/980092569?classType=REGULAR&athbdg=L1600&from=/search,$309.99,4.2,344
Acer Chromebook 315 15.6 inch Laptop Intel Processor N4500 4GB RAM 64GB eMMC Pure Silver,https://www.walmart.com/sp/track?bt=1&eventST=click&plmt=sp-search-middle~desktop~&pos=1&tax=1085632_1071204_5186082_4126170_5681475&rdf=1&rd=https%3A%2F%2Fwww.walmart.com%2Fip%2FAcer-Chromebook-315-15-6-inch-Laptop-Intel-Processor-N4500-4GB-RAM-64GB-eMMC-Pure-Silver%2F3193557250%3FclassType%3DVARIANT%26adsRedirect%3Dtrue&adUid=4e174a1c-5c7e-453f-b098-0566e7f2b768&mloc=sp-search-middle&pltfm=desktop&pgId=laptop&pt=search&spQs=KhmMUJ7LZFwOTYtKUcpHBGMGCIugz_k2cmZ_TYjA23yb1znqsTO2a0eLwKUnGe7fDHaFNtfYhZ5zgmkiVCl5hl0KYbxxV1gZuQbM_Ai_WIJkiRWWYV3aKq0AyRbOKvEeZUgkh7v4iR73Ctr0-FdExFor56UjdyNVSlUaGFcughTk6b0wQjVC-Cy8ZjXkLPcqmDmyoq5GbWz0ZR2zZUzRx3oShKWSb8t4T5lC6qX4WPVvp84jbaPmlEGVtyip40N4_0JbSx9QlmeoDSbNODFzgg&storeId=3081&couponState=na&bkt=ace1_11137%7Cace2_default%7Cace3_11103%7Ccoldstart_off%7Csearch_default&classType=VARIANT,$179.00,4.4,2746
Lenovo IdeaPad Slim 3 15.6 inch Windows Laptop AMD Ryzen 5-7520U 8GB RAM 256GB SSD Arctic Grey,https://www.walmart.com/sp/track?bt=1&eventST=click&plmt=sp-search-middle~desktop~&pos=2&tax=1085632_1071204_5186082_4126170_5681475&rdf=1&rd=https%3A%2F%2Fwww.walmart.com%2Fip%2FLenovo-Ideapad-Slim-3-15-6-inch-FHD-IPS-Laptop-AMD-Ryzen-5-7520U-8GB-RAM-256GB-SSD-Arctic-Grey%2F5096127174%3FclassType%3DREGULAR%26athbdg%3DL1600%26adsRedirect%3Dtrue&adUid=4e174a1c-5c7e-453f-b098-0566e7f2b768&mloc=sp-search-middle&pltfm=desktop&pgId=laptop&pt=search&spQs=kdVDkgs7EsUsq88RasVQ6jppB-qNKU_9aVX1bO_5EglI-2iFJBOAlARJi1MrOEWNTqsLJhHPBmeHTOmn0RSYCbfSjBvXkX9FcwLrAI-S8-CdQngZ75i53l9CQG6GRsCksXeyrY_7PK6achUVPg6XxHvSC0x17fcwgWQAxyppS2_NpgzJP0TKMikaj9lKBZpaFjQU0TYKd55UkghIfbZvasQ0UJl7hiNx8z0jcfxHQeRWi7f_DU7vNw2RhH9uWOVjkneYhOD_GK-qwlh4Wmw0kg&storeId=3081&couponState=na&bkt=ace1_11137%7Cace2_default%7Cace3_11103%7Ccoldstart_off%7Csearch_default&classType=REGULAR&athbdg=L1600,$349.00,4.6,142
Lenovo Ideapad Slim 3 15.6 inch FHD Touch Windows Laptop AMD Ryzen 7-7730U 16GB RAM 512GB SSD Abyss Blue,https://www.walmart.com/sp/track?bt=1&eventST=click&plmt=sp-search-middle~desktop~&pos=3&tax=1085632_1071204_5186082_4126170_5681475&rdf=1&rd=https%3A%2F%2Fwww.walmart.com%2Fip%2FLenovo-Ideapad-Slim-3-15-6-inch-FHD-IPS-Touch-Laptop-AMD-Ryzen-7-7730U-16GB-RAM-512GB-SSD-Abyss-Blue%2F5098188190%3FclassType%3DREGULAR%26athbdg%3DL1600%26adsRedirect%3Dtrue&adUid=4e174a1c-5c7e-453f-b098-0566e7f2b768&mloc=sp-search-middle&pltfm=desktop&pgId=laptop&pt=search&spQs=XkWjrDz8ODLO495J71dgaR8NUYi4zqxwDfuj33WgKWhggWzDgIMdhkkiVDcYbWvXTqsLJhHPBmeHTOmn0RSYCbfSjBvXkX9FcwLrAI-S8-CdQngZ75i53l9CQG6GRsCkVLE89eFxqjyScaSRXf6GdSjrXjEO_6YMqzoY8qb58xHNpgzJP0TKMikaj9lKBZpaFjQU0TYKd55UkghIfbZvasQ0UJl7hiNx8z0jcfxHQeRWi7f_DU7vNw2RhH9uWOVjkneYhOD_GK-qwlh4Wmw0kg&storeId=3081&couponState=na&bkt=ace1_11137%7Cace2_default%7Cace3_11103%7Ccoldstart_off%7Csearch_default&classType=REGULAR&athbdg=L1600,$599.00,4.6,141
"Lenovo V15 G2 Business Laptop, 15.6"" FHD Screen, Intel Celeron N4500, 16GB RAM, 1TB SSD, Webcam, HDMI, Wi-Fi, Windows 11 Home, Black",https://www.walmart.com/sp/track?bt=1&eventST=click&plmt=sp-search-middle~desktop~&pos=4&tax=1085632_1071204_5186082_4126170_5681475&rdf=1&rd=https%3A%2F%2Fwww.walmart.com%2Fip%2FLenovo-V15-G2-Business-Laptop-15-6-FHD-Screen-Intel-Celeron-N4500-16GB-RAM-1TB-SSD-Webcam-HDMI-Wi-Fi-Windows-11-Home-Black%2F5287340612%3FclassType%3DVARIANT%26athbdg%3DL1600%26adsRedirect%3Dtrue&adUid=4e174a1c-5c7e-453f-b098-0566e7f2b768&mloc=sp-search-middle&pltfm=desktop&pgId=laptop&pt=search&spQs=4AIdmfDRjnlzzMYoYxEUc58LB9PecPVEbYm8mH02M4Jw3_JLk1rLzPDhp0IoXeTS-Up388LNP34euBMiPfqEZ_oGOerAhYYYmMHWh9N2-XI0JogOK-WnpPcgQiSllenn-9UGPezNhrS-NLcjc6kcrgihXTqwrw7DAN0Zj2roAcwNNt3B3zWlM8rrwfGe_DGMIsOoSN8Y0r6nJCqwGL9zbNNhqjm90liUWfNI47d1o4VScXzFGyhEe__ftSXlCvFiYIOAjOVbfwRqT4c7q969-g&storeId=3081&couponState=na&bkt=ace1_11137%7Cace2_default%7Cace3_11103%7Ccoldstart_off%7Csearch_default&classType=VARIANT&athbdg=L1600,$349.00,4.4,14
"HP 14"" Touch Chromebook, Intel Celeron N4120, 4GB RAM, 64GB eMMC, Forest Teal, Chrome OS, 14a-ca0790wm",https://www.walmart.com/ip/HP-14-Touch-Chromebook-Intel-Celeron-N4120-4GB-RAM-64GB-eMMC-Forest-Teal-Chrome-OS-14a-ca0790wm/977464702?classType=VARIANT&from=/search,$289.98,4.2,225
"ASUS Vivobook 15 laptop, 15.6‚Äù Touch, Intel Core i7-1255U, 16GB RAM, 512GB SSD, Quiet Blue, Windows 11 Home",https://www.walmart.com/ip/ASUS-Vivobook-15-laptop-15-6-Touch-Intel-Core-i7-1255U-16GB-RAM-512GB-SSD-Quiet-Blue-Windows-11-Home/2471038977?classType=VARIANT&from=/search,$539.00,4.6,573
"HP 14"" FHD, intel Core i3-1115DC, 4GB RAM, 256GB SSD, SILVER, Windows 10 in S Mode, 14-dq2055wm",https://www.walmart.com/ip/HP-14-FHD-PC-Laptop-Intel-Core-i3-1115G4-4GB-RAM-256GB-SSD-Windows-10-Home-S-mode-Silver-14-dq2055wm/821886484?classType=REGULAR&from=/search,$251.87,4.6,45
"Restored | Apple MacBook Pro | 13.3-inch | Intel Core i5 2.3GHz | 8GB RAM | MacOS | 128GB SSD | Bundle: USA Essentials Bluetooth/Wireless Airbuds, Black Case, Wireless Mouse By Certified 2 Day Express",https://www.walmart.com/ip/Restored-Apple-MacBook-Pro-13-3-inch-Intel-Core-i5-2-3GHz-8GB-RAM-MacOS-128GB-SSD-Bundle-USA-Essentials-Bluetooth-Wireless-Airbuds-Black-Case-Wireles/5258172931?classType=VARIANT&from=/search,$249.00,3.2,188
"Apple MacBook Air 15-in M3 8C CPU - 10C GPU, 8GB 256GB, Midnight - MRYU3LL/A (Spring 2024)",https://www.walmart.com/ip/Apple-MacBook-Air-M3-M3-10-core-GPU-8-GB-RAM-256-GB-SSD-15-3-IPS-2880-x-1864-WQXGA-Wi-Fi-6E-Bluetooth-midnight-kbd-US/5470607989?classType=VARIANT&from=/search,"$1,214.00",4.3,9
"ASUS Vivobook 15.6"" FHD PC Laptop, Intel Core i5-1135G7, 8GB RAM, 256GB, Win 11 Home, F1500EA-WB51",https://www.walmart.com/ip/ASUS-Vivobook-15-6-FHD-PC-Laptop-Intel-Core-i5-1135G7-8GB-RAM-256GB-Win-11-Home-F1500EA-WB51/3616880107?classType=VARIANT&from=/search,$379.00,4.5,177
Acer Chromebook 315 15.6 inch Laptop Intel Processor N4500 4GB RAM 64GB eMMC Pure Silver,https://www.walmart.com/sp/track?bt=1&eventST=click&plmt=sp-search-middle~desktop~&pos=1&tax=1085632_1071204_5186082_4126170_5681475&rdf=1&rd=https%3A%2F%2Fwww.walmart.com%2Fip%2FAcer-Chromebook-315-15-6-inch-Laptop-Intel-Processor-N4500-4GB-RAM-64GB-eMMC-Pure-Silver%2F3193557250%3FclassType%3DVARIANT%26adsRedirect%3Dtrue&adUid=d19f58ea-cd9d-4fe1-a701-677b6e8b78e3&mloc=sp-search-middle&pltfm=desktop&pgId=laptop&pt=search&spQs=KhmMUJ7LZFwOTYtKUcpHBGMGCIugz_k2cmZ_TYjA23yb1znqsTO2a0eLwKUnGe7fDHaFNtfYhZ5zgmkiVCl5ho4dcs3-mrUfS6uYb1Ulk3ZkiRWWYV3aKq0AyRbOKvEeZUgkh7v4iR73Ctr0-FdExFor56UjdyNVSlUaGFcughTk6b0wQjVC-Cy8ZjXkLPcqmDmyoq5GbWz0ZR2zZUzRx3oShKWSb8t4T5lC6qX4WPVvp84jbaPmlEGVtyip40N4_0JbSx9QlmeoDSbNODFzgg&storeId=3081&couponState=na&bkt=ace1_11095%7Cace2_default%7Cace3_11103%7Ccoldstart_off%7Csearch_best_seller_badge_var_2_exp_rweb&classType=VARIANT,$179.00,4.4,2746
Lenovo IdeaPad Slim 3 15.6 inch Windows Laptop AMD Ryzen 5-7520U 8GB RAM 256GB SSD Arctic Grey,https://www.walmart.com/sp/track?bt=1&eventST=click&plmt=sp-search-middle~desktop~&pos=2&tax=1085632_1071204_5186082_4126170_5681475&rdf=1&rd=https%3A%2F%2Fwww.walmart.com%2Fip%2FLenovo-Ideapad-Slim-3-15-6-inch-FHD-IPS-Laptop-AMD-Ryzen-5-7520U-8GB-RAM-256GB-SSD-Arctic-Grey%2F5096127174%3FclassType%3DREGULAR%26athbdg%3DL1600%26adsRedirect%3Dtrue&adUid=d19f58ea-cd9d-4fe1-a701-677b6e8b78e3&mloc=sp-search-middle&pltfm=desktop&pgId=laptop&pt=search&spQs=kdVDkgs7EsUsq88RasVQ6jppB-qNKU_9aVX1bO_5EglI-2iFJBOAlARJi1MrOEWNTqsLJhHPBmeHTOmn0RSYCfz91BhjnQyljJy6MBp5KN-dQngZ75i53l9CQG6GRsCksXeyrY_7PK6achUVPg6XxHvSC0x17fcwgWQAxyppS2_NpgzJP0TKMikaj9lKBZpaFjQU0TYKd55UkghIfbZvasQ0UJl7hiNx8z0jcfxHQeRWi7f_DU7vNw2RhH9uWOVjkneYhOD_GK-qwlh4Wmw0kg&storeId=3081&couponState=na&bkt=ace1_11095%7Cace2_default%7Cace3_11103%7Ccoldstart_off%7Csearch_best_seller_badge_var_2_exp_rweb&classType=REGULAR&athbdg=L1600,$349.00,4.6,142
Lenovo Ideapad Slim 3 15.6 inch FHD Touch Windows Laptop AMD Ryzen 7-7730U 16GB RAM 512GB SSD Abyss Blue,https://www.walmart.com/sp/track?bt=1&eventST=click&plmt=sp-search-middle~desktop~&pos=3&tax=1085632_1071204_5186082_4126170_5681475&rdf=1&rd=https%3A%2F%2Fwww.walmart.com%2Fip%2FLenovo-Ideapad-Slim-3-15-6-inch-FHD-IPS-Touch-Laptop-AMD-Ryzen-7-7730U-16GB-RAM-512GB-SSD-Abyss-Blue%2F5098188190%3FclassType%3DREGULAR%26athbdg%3DL1600%26adsRedirect%3Dtrue&adUid=d19f58ea-cd9d-4fe1-a701-677b6e8b78e3&mloc=sp-search-middle&pltfm=desktop&pgId=laptop&pt=search&spQs=XkWjrDz8ODLO495J71dgaR8NUYi4zqxwDfuj33WgKWhggWzDgIMdhkkiVDcYbWvXTqsLJhHPBmeHTOmn0RSYCfz91BhjnQyljJy6MBp5KN-dQngZ75i53l9CQG6GRsCkVLE89eFxqjyScaSRXf6GdSjrXjEO_6YMqzoY8qb58xHNpgzJP0TKMikaj9lKBZpaFjQU0TYKd55UkghIfbZvasQ0UJl7hiNx8z0jcfxHQeRWi7f_DU7vNw2RhH9uWOVjkneYhOD_GK-qwlh4Wmw0kg&storeId=3081&couponState=na&bkt=ace1_11095%7Cace2_default%7Cace3_11103%7Ccoldstart_off%7Csearch_best_seller_badge_var_2_exp_rweb&classType=REGULAR&athbdg=L1600,$599.00,4.6,141
"Lenovo V15 G2 Business Laptop, 15.6"" FHD Screen, Intel Celeron N4500, 16GB RAM, 1TB SSD, Webcam, HDMI, Wi-Fi, Windows 11 Home, Black",https://www.walmart.com/sp/track?bt=1&eventST=click&plmt=sp-search-middle~desktop~&pos=4&tax=1085632_1071204_5186082_4126170_5681475&rdf=1&rd=https%3A%2F%2Fwww.walmart.com%2Fip%2FLenovo-V15-G2-Business-Laptop-15-6-FHD-Screen-Intel-Celeron-N4500-16GB-RAM-1TB-SSD-Webcam-HDMI-Wi-Fi-Windows-11-Home-Black%2F5287340612%3FclassType%3DVARIANT%26adsRedirect%3Dtrue&adUid=d19f58ea-cd9d-4fe1-a701-677b6e8b78e3&mloc=sp-search-middle&pltfm=desktop&pgId=laptop&pt=search&spQs=4AIdmfDRjnlzzMYoYxEUc58LB9PecPVEbYm8mH02M4Jw3_JLk1rLzPDhp0IoXeTS-Up388LNP34euBMiPfqEZx5qpqBelVdUMHSz_Bdq10g0JogOK-WnpPcgQiSllennMOo2XFEXqmPTIrMF2q7s-Qg_dTjX7IJh-WpW5mEIeoEkN6Y0EdkZDXppRhzc-E6ZOj9ecGEBHdwvagpcDD7c7HoShKWSb8t4T5lC6qX4WPVvp84jbaPmlEGVtyip40N4_0JbSx9QlmeoDSbNODFzgg&storeId=3081&couponState=na&bkt=ace1_11095%7Cace2_default%7Cace3_11103%7Ccoldstart_off%7Csearch_best_seller_badge_var_2_exp_rweb&classType=VARIANT,$349.00,4.4,14
"Restored | Apple MacBook Pro | 13.3-inch | 2.7/2.9GHz | Intel Core i5 | 8GB RAM | 128GB SSD | Bundle: USA Essentials Bluetooth/Wireless Airbuds, Black Case, Wireless Mouse By Certified 2 Day Express",https://www.walmart.com/ip/Restored-Apple-MacBook-Pro-13-3-inch-2-7-2-9GHz-Intel-Core-i5-8GB-RAM-256GB-SSD-Bundle-USA-Essentials-Bluetooth-Wireless-Airbuds-Black-Case-Wireless/22144352?classType=VARIANT&from=/search,$329.00,4.7,1203
Open Box Apple - MacBook Air 15inch Laptop - M2 chip - 8GB Memory - 256GB SSD (Latest Model),https://www.walmart.com/ip/Open-Box-Apple-MacBook-Air-15inch-Laptop-M2-chip-8GB-Memory-256GB-SSD-Latest-Model/5159432953?classType=REGULAR&from=/search,$879.95,4.8,4
"Restored Apple MacBook Pro MWP72LL/A (Mid 2020) 13.3inch, Touch Bar, 2.3GHz Core i7, 32GB RAM, 512GB SSD Silver (Refurbished)",https://www.walmart.com/ip/Restored-Apple-MacBook-Pro-MWP72LL-A-Mid-2020-13-3inch-Touch-Bar-2-3GHz-Core-i7-32GB-RAM-512GB-SSD-Silver-Refurbished/1794930985?classType=REGULAR&from=/search,$640.00,4.2,9
"LETSUNG 14"" Laptop Intel Celeron N4020 Processor up to 2.6GHz Windows 11 8GB RAM 256GB SSD",https://www.walmart.com/ip/LETSUNG-14-Laptop-Intel-Celeron-N4020-Processor-up-to-2-6GHz-Windows-11-8GB-RAM-256GB-SSD/5331262155?classType=REGULAR&from=/search,$199.99,No rating,No reviews
"Restored Apple MacBook Pro 14"" Laptop (M1 Pro, 8 Core CPU, 14 Core GPU, 16GB RAM) (2021, 512GB SSD, Space Gray) (MKGP3LL/A) (Refurbished)",https://www.walmart.com/ip/Restored-Apple-MacBook-Pro-14-Laptop-M1-Pro-8-Core-CPU-14-Core-GPU-16GB-RAM-2021-512GB-SSD-Space-Gray-MKGP3LL-A-Refurbished/1727781070?classType=VARIANT&from=/search,"$1,129.00",5,2
"Pre-Owned MacBook Pro 13"" Touch Bar MPXV2LL/A Core i5 3.1Ghz 8GB RAM 256GB SSD (Good)",https://www.walmart.com/ip/Pre-Owned-MacBook-Pro-13-Touch-Bar-MPXV2LL-A-Core-i5-3-1Ghz-8GB-RAM-256GB-SSD-Good/879029327?classType=REGULAR&from=/search,$439.99,3.3,202
Acer Chromebook 315 15.6 inch Laptop Intel Processor N4500 4GB RAM 64GB eMMC Pure Silver,https://www.walmart.com/sp/track?bt=1&eventST=click&plmt=sp-search-middle~desktop~&pos=1&tax=1085632_1071204_5186082_4126170_5681475&rdf=1&rd=https%3A%2F%2Fwww.walmart.com%2Fip%2FAcer-Chromebook-315-15-6-inch-Laptop-Intel-Processor-N4500-4GB-RAM-64GB-eMMC-Pure-Silver%2F3193557250%3FclassType%3DVARIANT%26adsRedirect%3Dtrue&adUid=b27fcb2e-1a1d-465d-85e7-4733abf755ff&mloc=sp-search-middle&pltfm=desktop&pgId=laptop&pt=search&spQs=KhmMUJ7LZFwOTYtKUcpHBGMGCIugz_k2cmZ_TYjA23yb1znqsTO2a0eLwKUnGe7fFAJjhoKBKXM6z9T_F1jTstEbJORfcfQkFyomIhCSHz0lDEmTkZdsaFMYnu2rq0VVHN4AaiHzsRswPVNO0xwakQgz88dDm4IW6h0KhFwBr5QNNt3B3zWlM8rrwfGe_DGME--5GnbB6aY58P9q6TdjUlfhqGkC7H1CHdT2gSeTDFSsVK2cMWYTjK8vrgqobkm-2OgfsWRqzT42MnpdJ8NdWQ&storeId=3081&couponState=na&bkt=ace1_11140%7Cace2_default%7Cace3_11103%7Ccoldstart_on%7Csearch_default&classType=VARIANT,$179.00,4.4,2746
Lenovo IdeaPad Slim 3 15.6 inch Windows Laptop AMD Ryzen 5-7520U 8GB RAM 256GB SSD Arctic Grey,https://www.walmart.com/sp/track?bt=1&eventST=click&plmt=sp-search-middle~desktop~&pos=2&tax=1085632_1071204_5186082_4126170_5681475&rdf=1&rd=https%3A%2F%2Fwww.walmart.com%2Fip%2FLenovo-Ideapad-Slim-3-15-6-inch-FHD-IPS-Laptop-AMD-Ryzen-5-7520U-8GB-RAM-256GB-SSD-Arctic-Grey%2F5096127174%3FclassType%3DREGULAR%26athbdg%3DL1600%26adsRedirect%3Dtrue&adUid=b27fcb2e-1a1d-465d-85e7-4733abf755ff&mloc=sp-search-middle&pltfm=desktop&pgId=laptop&pt=search&spQs=kdVDkgs7EsUsq88RasVQ6jppB-qNKU_9aVX1bO_5EglI-2iFJBOAlARJi1MrOEWNTqsLJhHPBmeHTOmn0RSYCXZA5mVM13M8963CAt_CYs6dQngZ75i53l9CQG6GRsCk9_BlnxL9mNKJ9cVwfhUNgyay4WMGAw_-TRiV4mnmLiHNpgzJP0TKMikaj9lKBZpaFjQU0TYKd55UkghIfbZvasQ0UJl7hiNx8z0jcfxHQeRWi7f_DU7vNw2RhH9uWOVjkneYhOD_GK-qwlh4Wmw0kg&storeId=3081&couponState=na&bkt=ace1_11140%7Cace2_default%7Cace3_11103%7Ccoldstart_on%7Csearch_default&classType=REGULAR&athbdg=L1600,$349.00,4.6,142
Lenovo Ideapad Slim 3 15.6 inch FHD Touch Windows Laptop AMD Ryzen 7-7730U 16GB RAM 512GB SSD Abyss Blue,https://www.walmart.com/sp/track?bt=1&eventST=click&plmt=sp-search-middle~desktop~&pos=3&tax=1085632_1071204_5186082_4126170_5681475&rdf=1&rd=https%3A%2F%2Fwww.walmart.com%2Fip%2FLenovo-Ideapad-Slim-3-15-6-inch-FHD-IPS-Touch-Laptop-AMD-Ryzen-7-7730U-16GB-RAM-512GB-SSD-Abyss-Blue%2F5098188190%3FclassType%3DREGULAR%26athbdg%3DL1600%26adsRedirect%3Dtrue&adUid=b27fcb2e-1a1d-465d-85e7-4733abf755ff&mloc=sp-search-middle&pltfm=desktop&pgId=laptop&pt=search&spQs=XkWjrDz8ODLO495J71dgaR8NUYi4zqxwDfuj33WgKWhggWzDgIMdhkkiVDcYbWvXTqsLJhHPBmeHTOmn0RSYCXZA5mVM13M8963CAt_CYs6dQngZ75i53l9CQG6GRsCklzcyAOOcGEB8Yern1CirzaEby5DbMRTBp2DFGC26DiHNpgzJP0TKMikaj9lKBZpaFjQU0TYKd55UkghIfbZvasQ0UJl7hiNx8z0jcfxHQeRWi7f_DU7vNw2RhH9uWOVjkneYhOD_GK-qwlh4Wmw0kg&storeId=3081&couponState=na&bkt=ace1_11140%7Cace2_default%7Cace3_11103%7Ccoldstart_on%7Csearch_default&classType=REGULAR&athbdg=L1600,$599.00,4.6,141
"Lenovo V15 G2 Business Laptop, 15.6"" FHD Screen, Intel Celeron N4500, 16GB RAM, 1TB SSD, Webcam, HDMI, Wi-Fi, Windows 11 Home, Black",https://www.walmart.com/sp/track?bt=1&eventST=click&plmt=sp-search-middle~desktop~&pos=4&tax=1085632_1071204_5186082_4126170_5681475&rdf=1&rd=https%3A%2F%2Fwww.walmart.com%2Fip%2FLenovo-V15-G2-Business-Laptop-15-6-FHD-Screen-Intel-Celeron-N4500-16GB-RAM-1TB-SSD-Webcam-HDMI-Wi-Fi-Windows-11-Home-Black%2F5287340612%3FclassType%3DVARIANT%26adsRedirect%3Dtrue&adUid=b27fcb2e-1a1d-465d-85e7-4733abf755ff&mloc=sp-search-middle&pltfm=desktop&pgId=laptop&pt=search&spQs=4AIdmfDRjnlzzMYoYxEUc58LB9PecPVEbYm8mH02M4Jw3_JLk1rLzPDhp0IoXeTS-Up388LNP34euBMiPfqEZ3BkXE_n1XvucGEBdf3fkfo0JogOK-WnpPcgQiSllennU-4YKQvnwfUAjbDsAtnOOw8fTCjZNB6pRUDPZ5CF5vENNt3B3zWlM8rrwfGe_DGMIsOoSN8Y0r6nJCqwGL9zbNNhqjm90liUWfNI47d1o4VScXzFGyhEe__ftSXlCvFiYIOAjOVbfwRqT4c7q969-g&storeId=3081&couponState=na&bkt=ace1_11140%7Cace2_default%7Cace3_11103%7Ccoldstart_on%7Csearch_default&classType=VARIANT,$349.00,4.4,14
"Restored Samsung Chromebook 4 11.6"", Intel Celeron N4020, 4GB RAM, 32GB SSD, Chrome OS, Platinum Titan, XE310XBA-KC1US (Refurbished)",https://www.walmart.com/ip/Restored-Samsung-Chromebook-4-11-6-Intel-Celeron-N4020-4GB-RAM-32GB-SSD-Chrome-OS-Platinum-Titan-XE310XBA-KC1US-Refurbished/457764814?classType=REGULAR&from=/search,$99.00,4,157
"SGIN 17.3"" 4gb DDR4 128gb SSD Windows 11 Laptop FHD IPS 1920 x 1080 Dual Core Intel i3, HDMI",https://www.walmart.com/ip/SGIN-17-3in-4gb-DDR4-128gb-SSD-Windows-11-Laptop-FHD-IPS-1920-x-1080-FHD-Dual-Core-Intel-i3-HDMI/5260155355?classType=REGULAR&athbdg=L1700&from=/search,$279.99,4.5,1847
"Restored HP 15-FD0083WM 15.6"" HD Pentium N200 1.8GHz Intel UHD Graphics 4GB RAM 128GB SSD Win 11 Home in Smode Scarlet Red (Refurbished)",https://www.walmart.com/ip/Restored-HP-15-FD0083WM-15-6-HD-Pentium-N200-1-8GHz-Intel-UHD-Graphics-4GB-RAM-128GB-SSD-Win-11-Home-in-Smode-Scarlet-Red-Refurbished/2874262727?classType=REGULAR&athbdg=L1700&from=/search,$166.00,4.1,66
"SGIN 15.6inch Laptop 4GB DDR4 128GB SSD Windows 11 with 2.5 Ghz Intel Celeron, HD 1366*768 IPS",https://www.walmart.com/ip/SGIN-15-6inch-Laptop-4GB-DDR4-128GB-SSD-Windows-11-with-2-5-Ghz-Intel-Celeron-HD-1366-768-IPS/1044996074?classType=VARIANT&from=/search,$499.99,3.4,1807
Restored HP ProBook x360 11 G4 11.6 in. 2 in 1 Touchscreen Laptop PC Intel i5-8200Y Processor 8GB RAM 128GB SSD Windows 11 (Refurbished),https://www.walmart.com/sp/track?bt=1&eventST=click&plmt=sp-search-middle~desktop~&pos=9&tax=1085632_1071204_5186082_4126170_5681475&rdf=1&rd=https%3A%2F%2Fwww.walmart.com%2Fip%2FRestored-HP-ProBook-x360-11-G4-11-6-in-2-in-1-Touchscreen-Laptop-PC-Intel-i5-8200Y-Processor-8GB-RAM-128GB-SSD-Windows-11-Refurbished%2F5639204764%3FclassType%3DREGULAR%26athbdg%3DL1600%26adsRedirect%3Dtrue&adUid=b27fcb2e-1a1d-465d-85e7-4733abf755ff&mloc=sp-search-middle&pltfm=desktop&pgId=laptop&pt=search&spQs=NvdIHJQHWLSwKYx-wjL40wy7l1UbSGmuXdQMJ7uzR1u3Tr9CloUMrKZRH8ed0vYCo-yaiwYQ5IRUrB1JYySs7RIH1iM_LHfLGUCIrRqXnbctZDoJyQKso5ymafOzH6TM9-PEwwWNPe9x5ZcJqgHfuc1zWM8ZIZkpAc3ZsDJKi5N-idnpxwyU7Sd-JAfL3v8CEdLLymFLQQQ7dPNvunnsltRs1ByqqgaCVO4yH3a8vJdk5UpU3uJmpKI9bNjaLm2E6p5SS7N6aIaMCQkRU--lZQ&storeId=3081&couponState=na&bkt=ace1_11140%7Cace2_default%7Cace3_11103%7Ccoldstart_on%7Csearch_default&classType=REGULAR&athbdg=L1600,$138.00,3.7,26
"Lenovo IdeaPad 1 Student Laptop, 15.6"" FHD Display, Intel Dual Core Processor, 12GB RAM, 128GB eMMC + 256GB SSD, 1 Yr Office 365, Wi-Fi 6, Windows 11 Home, Grey",https://www.walmart.com/sp/track?bt=1&eventST=click&plmt=sp-search-middle~desktop~&pos=10&tax=1085632_1071204_5186082_4126170_5681475&rdf=1&rd=https%3A%2F%2Fwww.walmart.com%2Fip%2FLenovo-IdeaPad-1-Laptop-Intel-Dual-Core-Processor-12GB-RAM-256GB-SSD-128GB-eMMC-15-6-FHD-Display-Year-Office-365-Numeric-Keypad-Windows-11-Home%2F5296606454%3FclassType%3DREGULAR%26athbdg%3DL1600%26adsRedirect%3Dtrue&adUid=b27fcb2e-1a1d-465d-85e7-4733abf755ff&mloc=sp-search-middle&pltfm=desktop&pgId=laptop&pt=search&spQs=VcUpsXhkPUqQMIkeK307d3rUhb9nbFqAsrAS2puOLaFw3_JLk1rLzPDhp0IoXeTS-Up388LNP34euBMiPfqEZ3BkXE_n1XvucGEBdf3fkfo0JogOK-WnpPcgQiSllennL3EfOsYe0_Kr-5Tpk1N7xpEjjBRlLRx82tN39-9TzsYkN6Y0EdkZDXppRhzc-E6ZOj9ecGEBHdwvagpcDD7c7HoShKWSb8t4T5lC6qX4WPVvp84jbaPmlEGVtyip40N4_0JbSx9QlmeoDSbNODFzgg&storeId=3081&couponState=na&bkt=ace1_11140%7Cace2_default%7Cace3_11103%7Ccoldstart_on%7Csearch_default&classType=REGULAR&athbdg=L1600,$329.00,4.4,24
Acer Chromebook 315 15.6 inch Laptop Intel Processor N4500 4GB RAM 64GB eMMC Pure Silver,https://www.walmart.com/sp/track?bt=1&eventST=click&plmt=sp-search-middle~desktop~&pos=1&tax=1085632_1071204_5186082_4126170_5681475&rdf=1&rd=https%3A%2F%2Fwww.walmart.com%2Fip%2FAcer-Chromebook-315-15-6-inch-Laptop-Intel-Processor-N4500-4GB-RAM-64GB-eMMC-Pure-Silver%2F3193557250%3FclassType%3DVARIANT%26adsRedirect%3Dtrue&adUid=2a508ad0-5122-4eda-9447-162f5ec06b87&mloc=sp-search-middle&pltfm=desktop&pgId=laptop&pt=search&spQs=KhmMUJ7LZFwOTYtKUcpHBGMGCIugz_k2cmZ_TYjA23yb1znqsTO2a0eLwKUnGe7fFAJjhoKBKXM6z9T_F1jTsmaOzEu0RQzhYlfl2hceaRglDEmTkZdsaFMYnu2rq0VVHN4AaiHzsRswPVNO0xwakQgz88dDm4IW6h0KhFwBr5QNNt3B3zWlM8rrwfGe_DGME--5GnbB6aY58P9q6TdjUlfhqGkC7H1CHdT2gSeTDFSsVK2cMWYTjK8vrgqobkm-2OgfsWRqzT42MnpdJ8NdWQ&storeId=3081&couponState=na&bkt=ace1_11140%7Cace2_default%7Cace3_11103%7Ccoldstart_off%7Csearch_default&classType=VARIANT,$179.00,4.4,2746
Lenovo IdeaPad Slim 3 15.6 inch Windows Laptop AMD Ryzen 5-7520U 8GB RAM 256GB SSD Arctic Grey,https://www.walmart.com/sp/track?bt=1&eventST=click&plmt=sp-search-middle~desktop~&pos=2&tax=1085632_1071204_5186082_4126170_5681475&rdf=1&rd=https%3A%2F%2Fwww.walmart.com%2Fip%2FLenovo-Ideapad-Slim-3-15-6-inch-FHD-IPS-Laptop-AMD-Ryzen-5-7520U-8GB-RAM-256GB-SSD-Arctic-Grey%2F5096127174%3FclassType%3DREGULAR%26athbdg%3DL1600%26adsRedirect%3Dtrue&adUid=2a508ad0-5122-4eda-9447-162f5ec06b87&mloc=sp-search-middle&pltfm=desktop&pgId=laptop&pt=search&spQs=kdVDkgs7EsUsq88RasVQ6jppB-qNKU_9aVX1bO_5EglI-2iFJBOAlARJi1MrOEWNTqsLJhHPBmeHTOmn0RSYCba5EbBPRzBBZzpVj6g5cAidQngZ75i53l9CQG6GRsCk9_BlnxL9mNKJ9cVwfhUNgyay4WMGAw_-TRiV4mnmLiHNpgzJP0TKMikaj9lKBZpaFjQU0TYKd55UkghIfbZvasQ0UJl7hiNx8z0jcfxHQeRWi7f_DU7vNw2RhH9uWOVjkneYhOD_GK-qwlh4Wmw0kg&storeId=3081&couponState=na&bkt=ace1_11140%7Cace2_default%7Cace3_11103%7Ccoldstart_off%7Csearch_default&classType=REGULAR&athbdg=L1600,$349.00,4.6,142
Lenovo Ideapad Slim 3 15.6 inch FHD Touch Windows Laptop AMD Ryzen 7-7730U 16GB RAM 512GB SSD Abyss Blue,https://www.walmart.com/sp/track?bt=1&eventST=click&plmt=sp-search-middle~desktop~&pos=3&tax=1085632_1071204_5186082_4126170_5681475&rdf=1&rd=https%3A%2F%2Fwww.walmart.com%2Fip%2FLenovo-Ideapad-Slim-3-15-6-inch-FHD-IPS-Touch-Laptop-AMD-Ryzen-7-7730U-16GB-RAM-512GB-SSD-Abyss-Blue%2F5098188190%3FclassType%3DREGULAR%26athbdg%3DL1600%26adsRedirect%3Dtrue&adUid=2a508ad0-5122-4eda-9447-162f5ec06b87&mloc=sp-search-middle&pltfm=desktop&pgId=laptop&pt=search&spQs=XkWjrDz8ODLO495J71dgaR8NUYi4zqxwDfuj33WgKWhggWzDgIMdhkkiVDcYbWvXTqsLJhHPBmeHTOmn0RSYCba5EbBPRzBBZzpVj6g5cAidQngZ75i53l9CQG6GRsCklzcyAOOcGEB8Yern1CirzaEby5DbMRTBp2DFGC26DiHNpgzJP0TKMikaj9lKBZpaFjQU0TYKd55UkghIfbZvasQ0UJl7hiNx8z0jcfxHQeRWi7f_DU7vNw2RhH9uWOVjkneYhOD_GK-qwlh4Wmw0kg&storeId=3081&couponState=na&bkt=ace1_11140%7Cace2_default%7Cace3_11103%7Ccoldstart_off%7Csearch_default&classType=REGULAR&athbdg=L1600,$599.00,4.6,141
"Lenovo V15 G2 Business Laptop, 15.6"" FHD Screen, Intel Celeron N4500, 16GB RAM, 1TB SSD, Webcam, HDMI, Wi-Fi, Windows 11 Home, Black",https://www.walmart.com/sp/track?bt=1&eventST=click&plmt=sp-search-middle~desktop~&pos=4&tax=1085632_1071204_5186082_4126170_5681475&rdf=1&rd=https%3A%2F%2Fwww.walmart.com%2Fip%2FLenovo-V15-G2-Business-Laptop-15-6-FHD-Screen-Intel-Celeron-N4500-16GB-RAM-1TB-SSD-Webcam-HDMI-Wi-Fi-Windows-11-Home-Black%2F5287340612%3FclassType%3DVARIANT%26adsRedirect%3Dtrue&adUid=2a508ad0-5122-4eda-9447-162f5ec06b87&mloc=sp-search-middle&pltfm=desktop&pgId=laptop&pt=search&spQs=4AIdmfDRjnlzzMYoYxEUc58LB9PecPVEbYm8mH02M4Jw3_JLk1rLzPDhp0IoXeTS-Up388LNP34euBMiPfqEZ6LhNsjXgQiaLX6W_E8AJec0JogOK-WnpPcgQiSllennU-4YKQvnwfUAjbDsAtnOOw8fTCjZNB6pRUDPZ5CF5vENNt3B3zWlM8rrwfGe_DGMIsOoSN8Y0r6nJCqwGL9zbNNhqjm90liUWfNI47d1o4VScXzFGyhEe__ftSXlCvFiYIOAjOVbfwRqT4c7q969-g&storeId=3081&couponState=na&bkt=ace1_11140%7Cace2_default%7Cace3_11103%7Ccoldstart_off%7Csearch_default&classType=VARIANT,$349.00,4.4,14
Restored HP ProBook x360 11 G4 11.6 in. 2 in 1 Touchscreen Laptop PC Intel i5-8200Y Processor 8GB RAM 128GB SSD Windows 11 (Refurbished),https://www.walmart.com/sp/track?bt=1&eventST=click&plmt=sp-search-middle~desktop~&pos=5&tax=1085632_1071204_5186082_4126170_5681475&rdf=1&rd=https%3A%2F%2Fwww.walmart.com%2Fip%2FRestored-HP-ProBook-x360-11-G4-11-6-in-2-in-1-Touchscreen-Laptop-PC-Intel-i5-8200Y-Processor-8GB-RAM-128GB-SSD-Windows-11-Refurbished%2F5639204764%3FclassType%3DREGULAR%26athbdg%3DL1600%26adsRedirect%3Dtrue&adUid=2a508ad0-5122-4eda-9447-162f5ec06b87&mloc=sp-search-middle&pltfm=desktop&pgId=laptop&pt=search&spQs=NvdIHJQHWLSwKYx-wjL40wy7l1UbSGmuXdQMJ7uzR1u3Tr9CloUMrKZRH8ed0vYCo-yaiwYQ5IRUrB1JYySs7ciWWciQaen8y0_xT6yt3R8tZDoJyQKso5ymafOzH6TM9-PEwwWNPe9x5ZcJqgHfuc1zWM8ZIZkpAc3ZsDJKi5N-idnpxwyU7Sd-JAfL3v8CEdLLymFLQQQ7dPNvunnsltRs1ByqqgaCVO4yH3a8vJdk5UpU3uJmpKI9bNjaLm2E6p5SS7N6aIaMCQkRU--lZQ&storeId=3081&couponState=na&bkt=ace1_11140%7Cace2_default%7Cace3_11103%7Ccoldstart_off%7Csearch_default&classType=REGULAR&athbdg=L1600,$138.00,3.7,26
"Lenovo IdeaPad 1 Student Laptop, 15.6"" FHD Display, Intel Dual Core Processor, 12GB RAM, 128GB eMMC + 256GB SSD, 1 Yr Office 365, Wi-Fi 6, Windows 11 Home, Grey",https://www.walmart.com/sp/track?bt=1&eventST=click&plmt=sp-search-middle~desktop~&pos=6&tax=1085632_1071204_5186082_4126170_5681475&rdf=1&rd=https%3A%2F%2Fwww.walmart.com%2Fip%2FLenovo-IdeaPad-1-Laptop-Intel-Dual-Core-Processor-12GB-RAM-256GB-SSD-128GB-eMMC-15-6-FHD-Display-Year-Office-365-Numeric-Keypad-Windows-11-Home%2F5296606454%3FclassType%3DREGULAR%26athbdg%3DL1600%26adsRedirect%3Dtrue&adUid=2a508ad0-5122-4eda-9447-162f5ec06b87&mloc=sp-search-middle&pltfm=desktop&pgId=laptop&pt=search&spQs=VcUpsXhkPUqQMIkeK307d3rUhb9nbFqAsrAS2puOLaFw3_JLk1rLzPDhp0IoXeTS-Up388LNP34euBMiPfqEZ6LhNsjXgQiaLX6W_E8AJec0JogOK-WnpPcgQiSllennL3EfOsYe0_Kr-5Tpk1N7xpEjjBRlLRx82tN39-9TzsYkN6Y0EdkZDXppRhzc-E6ZOj9ecGEBHdwvagpcDD7c7HoShKWSb8t4T5lC6qX4WPVvp84jbaPmlEGVtyip40N4_0JbSx9QlmeoDSbNODFzgg&storeId=3081&couponState=na&bkt=ace1_11140%7Cace2_default%7Cace3_11103%7Ccoldstart_off%7Csearch_default&classType=REGULAR&athbdg=L1600,$329.00,4.4,24
"Auusda 14.1"" Laptop Intel Celeron J4125(Quad-Core up to 2.7GHz), 8GB RAM, 256GB SSD, Bluetooth, Windows 11 Pro Work Computer FHD 1920*1080P, Silver",https://www.walmart.com/sp/track?bt=1&eventST=click&plmt=sp-search-middle~desktop~&pos=7&tax=1085632_1071204_5186082_4126170_5681475&rdf=1&rd=https%3A%2F%2Fwww.walmart.com%2Fip%2FAuusda-14-1-Laptop-Intel-Celeron-J4125-Quad-Core-up-to-2-7GHz-8GB-RAM-256GB-SSD-Bluetooth-Windows-11-Pro-Work-Computer-FHD-1920-1080P-Silver%2F2079126962%3FclassType%3DVARIANT%26athbdg%3DL1400%26adsRedirect%3Dtrue&adUid=2a508ad0-5122-4eda-9447-162f5ec06b87&mloc=sp-search-middle&pltfm=desktop&pgId=laptop&pt=search&spQs=ELXAQ13v7RUKzPL5ODtgAots58fs8Ic1TFkSXLyWsI1zZiHp4VUp363u6zACTReq_t7yQ0BGLXYZrOOuHQ9sS1GKAZbH9BAiNjatd4TeGBy3YD8woKUWO33LuQZkIkosoZ1QItgU92c_t-FbyqXRXqguPFPI20yVX7_moK95GhPNpgzJP0TKMikaj9lKBZpaFjQU0TYKd55UkghIfbZvasQ0UJl7hiNx8z0jcfxHQeRWi7f_DU7vNw2RhH9uWOVjkneYhOD_GK-qwlh4Wmw0kg&storeId=3081&couponState=na&bkt=ace1_11140%7Cace2_default%7Cace3_11103%7Ccoldstart_off%7Csearch_default&classType=VARIANT&athbdg=L1400,$209.99,3.4,303
"Lenovo IdeaPad 1 Laptop, Intel Dual Core Processor, 8GB RAM, 128GB SSD + 128GB eMMC, 15.6"" FHD Display, 1 Year Office 365, Numeric Keypad, Windows 11 Home",https://www.walmart.com/sp/track?bt=1&eventST=click&plmt=sp-search-middle~desktop~&pos=8&tax=1085632_1071204_5186082_4126170_5681475&rdf=1&rd=https%3A%2F%2Fwww.walmart.com%2Fip%2FLenovo-IdeaPad-1-Laptop-Intel-Dual-Core-Processor-8GB-RAM-128GB-SSD-eMMC-15-6-FHD-Display-Year-Office-365-Numeric-Keypad-Windows-11-Home%2F5234076976%3FclassType%3DVARIANT%26athbdg%3DL1700%26adsRedirect%3Dtrue&adUid=2a508ad0-5122-4eda-9447-162f5ec06b87&mloc=sp-search-middle&pltfm=desktop&pgId=laptop&pt=search&spQs=4yl-wtWhJp7ibP-PpPrkgp5mCVekk6yMXwgulamQVmVw3_JLk1rLzPDhp0IoXeTS-Up388LNP34euBMiPfqEZ6LhNsjXgQiaLX6W_E8AJec0JogOK-WnpPcgQiSllennvL1oCrTcHA2FzFt8Hhas_cJc0ailZ8yQTmhBvJ9ed_AkN6Y0EdkZDXppRhzc-E6ZOj9ecGEBHdwvagpcDD7c7HoShKWSb8t4T5lC6qX4WPVvp84jbaPmlEGVtyip40N4_0JbSx9QlmeoDSbNODFzgg&storeId=3081&couponState=na&bkt=ace1_11140%7Cace2_default%7Cace3_11103%7Ccoldstart_off%7Csearch_default&classType=VARIANT&athbdg=L1700,$269.00,4.3,8
Lenovo Ideapad Flex 5 16 inch WUXGA Touch 2-in-1 Windows Laptop AMD Ryzen 7-7730U 16GB RAM 512 SSD Arctic Grey,https://www.walmart.com/sp/track?bt=1&eventST=click&plmt=sp-search-middle~desktop~&pos=9&tax=1085632_1071204_5186082_4126170_5681475&rdf=1&rd=https%3A%2F%2Fwww.walmart.com%2Fip%2FLenovo-Ideapad-Flex-5-16-inch-WUXGA-IPS-Touch-2-in-1-Laptop-AMD-Ryzen-7-7730U-16GB-RAM-512-SSD-Arctic-Grey%2F5098188185%3FclassType%3DREGULAR%26adsRedirect%3Dtrue&adUid=2a508ad0-5122-4eda-9447-162f5ec06b87&mloc=sp-search-middle&pltfm=desktop&pgId=laptop&pt=search&spQs=KrRtUaWHdEfgi10DVa4W9gDhOcTXbztS3JdhxvP0JB8ufG0JfjUVa-njo7IPhkz-TqsLJhHPBmeHTOmn0RSYCba5EbBPRzBBZzpVj6g5cAidQngZ75i53l9CQG6GRsCknBt0SdExfi2U36m9kkiMOOmwjdlhqFH1XnIudCCf_grNpgzJP0TKMikaj9lKBZpaFjQU0TYKd55UkghIfbZvasQ0UJl7hiNx8z0jcfxHQeRWi7f_DU7vNw2RhH9uWOVjkneYhOD_GK-qwlh4Wmw0kg&storeId=3081&couponState=na&bkt=ace1_11140%7Cace2_default%7Cace3_11103%7Ccoldstart_off%7Csearch_default&classType=REGULAR,$679.00,4.6,107
"Restored Apple MacBook Air 13.3-inch Intel Core i5 8GB RAM Mac OS 128GB SSD Bundle: USA Essentials Bluetooth/Wireless Airbuds, Black Case, Wireless Mouse By Certified 2 Day Express (Refurbished)",https://www.walmart.com/sp/track?bt=1&eventST=click&plmt=sp-search-middle~desktop~&pos=10&tax=1085632_1071204_5186082_4126170_5681475&rdf=1&rd=https%3A%2F%2Fwww.walmart.com%2Fip%2FRestored-Apple-MacBook-Air-13-3-inch-Intel-Core-i5-8GB-RAM-Mac-OS-128GB-SSD-Bundle-USA-Essentials-Bluetooth-Wireless-Airbuds-Black-Case-Wireless-Mous%2F1245052032%3FclassType%3DVARIANT%26athbdg%3DL1600%26adsRedirect%3Dtrue&adUid=2a508ad0-5122-4eda-9447-162f5ec06b87&mloc=sp-search-middle&pltfm=desktop&pgId=laptop&pt=search&spQs=RZERtVHK22_e1pBfzRg84dyLr65T4MzyfBqFyKYkRZPC8unKT9rjBTepAGcrOUO1rM7Ntpd-b1UTPjyuNOtpIDVS7Pqsomdx5mbXZW5CY2dkiRWWYV3aKq0AyRbOKvEe72mOqSm2YPuO9MHoGhLVcv0v5qtJ8y5wGXTZwJt9Qxt-idnpxwyU7Sd-JAfL3v8CmuPJSkBH75DokBDLjuPM9sQ0UJl7hiNx8z0jcfxHQeRWi7f_DU7vNw2RhH9uWOVjkneYhOD_GK-qwlh4Wmw0kg&storeId=3081&couponState=na&bkt=ace1_11140%7Cace2_default%7Cace3_11103%7Ccoldstart_off%7Csearch_default&classType=VARIANT&athbdg=L1600,$199.00,3.6,355
Acer Chromebook 315 15.6 inch Laptop Intel Processor N4500 4GB RAM 64GB eMMC Pure Silver,https://www.walmart.com/sp/track?bt=1&eventST=click&plmt=sp-search-middle~desktop~&pos=1&tax=1085632_1071204_5186082_4126170_5681475&rdf=1&rd=https%3A%2F%2Fwww.walmart.com%2Fip%2FAcer-Chromebook-315-15-6-inch-Laptop-Intel-Processor-N4500-4GB-RAM-64GB-eMMC-Pure-Silver%2F3193557250%3FclassType%3DVARIANT%26adsRedirect%3Dtrue&adUid=2e9e4141-8a9e-4713-9318-a3373ff4460a&mloc=sp-search-middle&pltfm=desktop&pgId=laptop&pt=search&spQs=KhmMUJ7LZFwOTYtKUcpHBGMGCIugz_k2cmZ_TYjA23yb1znqsTO2a0eLwKUnGe7fFJRrQV6Nrs3NPb1SpE-mNpIK8dRRcCXa8uBtk2gBCAEia3VvexY5wXAXa31ofAtu43R9A4HK3Hze_dmod6s63V8DuQtJddnvN_Q9XNQiH2IkN6Y0EdkZDXppRhzc-E6ZdqrGkkKaVTpYfuWxQZRWddNhqjm90liUWfNI47d1o4VScXzFGyhEe__ftSXlCvFiYIOAjOVbfwRqT4c7q969-g&storeId=3081&couponState=na&bkt=ace1_11140%7Cace2_11164%7Cace3_11103%7Ccoldstart_off%7Csearch_best_seller_badge_var_2_exp_rweb&classType=VARIANT,$179.00,4.4,2746
Lenovo IdeaPad Slim 3 15.6 inch Windows Laptop AMD Ryzen 5-7520U 8GB RAM 256GB SSD Arctic Grey,https://www.walmart.com/sp/track?bt=1&eventST=click&plmt=sp-search-middle~desktop~&pos=2&tax=1085632_1071204_5186082_4126170_5681475&rdf=1&rd=https%3A%2F%2Fwww.walmart.com%2Fip%2FLenovo-Ideapad-Slim-3-15-6-inch-FHD-IPS-Laptop-AMD-Ryzen-5-7520U-8GB-RAM-256GB-SSD-Arctic-Grey%2F5096127174%3FclassType%3DREGULAR%26athbdg%3DL1600%26adsRedirect%3Dtrue&adUid=2e9e4141-8a9e-4713-9318-a3373ff4460a&mloc=sp-search-middle&pltfm=desktop&pgId=laptop&pt=search&spQs=kdVDkgs7EsUsq88RasVQ6jppB-qNKU_9aVX1bO_5EglI-2iFJBOAlARJi1MrOEWNOkZmcfVnOuqu44GJlBjsh4VdSuoEQZiN9_8vVFGz5pXWM4jS2tnbHwNj_Rg8lzU_M0vJhqCDN_GsRjVr6Bli97TIoCwd7lqK8myOA--DcxjNpgzJP0TKMikaj9lKBZpaFjQU0TYKd55UkghIfbZvasQ0UJl7hiNx8z0jcfxHQeRWi7f_DU7vNw2RhH9uWOVjkneYhOD_GK-qwlh4Wmw0kg&storeId=3081&couponState=na&bkt=ace1_11140%7Cace2_11164%7Cace3_11103%7Ccoldstart_off%7Csearch_best_seller_badge_var_2_exp_rweb&classType=REGULAR&athbdg=L1600,$349.00,4.6,142
Lenovo Ideapad Slim 3 15.6 inch FHD Touch Windows Laptop AMD Ryzen 7-7730U 16GB RAM 512GB SSD Abyss Blue,https://www.walmart.com/sp/track?bt=1&eventST=click&plmt=sp-search-middle~desktop~&pos=3&tax=1085632_1071204_5186082_4126170_5681475&rdf=1&rd=https%3A%2F%2Fwww.walmart.com%2Fip%2FLenovo-Ideapad-Slim-3-15-6-inch-FHD-IPS-Touch-Laptop-AMD-Ryzen-7-7730U-16GB-RAM-512GB-SSD-Abyss-Blue%2F5098188190%3FclassType%3DREGULAR%26athbdg%3DL1600%26adsRedirect%3Dtrue&adUid=2e9e4141-8a9e-4713-9318-a3373ff4460a&mloc=sp-search-middle&pltfm=desktop&pgId=laptop&pt=search&spQs=XkWjrDz8ODLO495J71dgaR8NUYi4zqxwDfuj33WgKWhggWzDgIMdhkkiVDcYbWvXTqsLJhHPBmeHTOmn0RSYCYVdSuoEQZiN9_8vVFGz5pWdQngZ75i53l9CQG6GRsCkrkNs_q9KqbQL7341c78NMsptDybeecqkylBzcwut1PXNpgzJP0TKMikaj9lKBZpaFjQU0TYKd55UkghIfbZvasQ0UJl7hiNx8z0jcfxHQeRWi7f_DU7vNw2RhH9uWOVjkneYhOD_GK-qwlh4Wmw0kg&storeId=3081&couponState=na&bkt=ace1_11140%7Cace2_11164%7Cace3_11103%7Ccoldstart_off%7Csearch_best_seller_badge_var_2_exp_rweb&classType=REGULAR&athbdg=L1600,$599.00,4.6,141
"Lenovo V15 G2 Business Laptop, 15.6"" FHD Screen, Intel Celeron N4500, 8GB RAM, 256GB SSD, Webcam, HDMI, Wi-Fi, Windows 11 Home, Black",https://www.walmart.com/sp/track?bt=1&eventST=click&plmt=sp-search-middle~desktop~&pos=4&tax=1085632_1071204_5186082_4126170_5681475&rdf=1&rd=https%3A%2F%2Fwww.walmart.com%2Fip%2FLenovo-V15-G2-Business-Laptop-15-6-FHD-Screen-Intel-Celeron-N4500-8GB-RAM-256GB-SSD-Webcam-HDMI-Wi-Fi-Windows-11-Home-Black%2F5284993366%3FclassType%3DVARIANT%26athbdg%3DL1600%26adsRedirect%3Dtrue&adUid=2e9e4141-8a9e-4713-9318-a3373ff4460a&mloc=sp-search-middle&pltfm=desktop&pgId=laptop&pt=search&spQs=OrMByC8-l7RwRQqJypJMeJ5mCVekk6yMXwgulamQVmVw3_JLk1rLzPDhp0IoXeTS-Up388LNP34euBMiPfqEZxrNLRtM1MhWye3W54ZrtaE0JogOK-WnpPcgQiSllennAnlmvMINXzlwnX0l909LsF9tJKeZoWBHGnPdS7tFZ80kN6Y0EdkZDXppRhzc-E6ZOj9ecGEBHdwvagpcDD7c7HoShKWSb8t4T5lC6qX4WPVvp84jbaPmlEGVtyip40N4_0JbSx9QlmeoDSbNODFzgg&storeId=3081&couponState=na&bkt=ace1_11140%7Cace2_11164%7Cace3_11103%7Ccoldstart_off%7Csearch_best_seller_badge_var_2_exp_rweb&classType=VARIANT&athbdg=L1600,$299.99,4.4,14
Restored HP ProBook x360 11 G4 11.6 in. 2 in 1 Touchscreen Laptop PC Intel i5-8200Y Processor 8GB RAM 128GB SSD Windows 11 (Refurbished),https://www.walmart.com/sp/track?bt=1&eventST=click&plmt=sp-search-middle~desktop~&pos=5&tax=1085632_1071204_5186082_4126170_5681475&rdf=1&rd=https%3A%2F%2Fwww.walmart.com%2Fip%2FRestored-HP-ProBook-x360-11-G4-11-6-in-2-in-1-Touchscreen-Laptop-PC-Intel-i5-8200Y-Processor-8GB-RAM-128GB-SSD-Windows-11-Refurbished%2F5639204764%3FclassType%3DREGULAR%26athbdg%3DL1600%26adsRedirect%3Dtrue&adUid=2e9e4141-8a9e-4713-9318-a3373ff4460a&mloc=sp-search-middle&pltfm=desktop&pgId=laptop&pt=search&spQs=NvdIHJQHWLSwKYx-wjL40wy7l1UbSGmuXdQMJ7uzR1u3Tr9CloUMrKZRH8ed0vYCo-yaiwYQ5IRUrB1JYySs7UwPgWz6uk5IxTdApvflmY0tZDoJyQKso5ymafOzH6TMF7nqRvehwg28TEgOXPnobhNgyfzuS2XCXTNd1brsPujNpgzJP0TKMikaj9lKBZpaNAayD9kK0MCkpm64b9IcCsQ0UJl7hiNx8z0jcfxHQeRWi7f_DU7vNw2RhH9uWOVjkneYhOD_GK-qwlh4Wmw0kg&storeId=3081&couponState=na&bkt=ace1_11140%7Cace2_11164%7Cace3_11103%7Ccoldstart_off%7Csearch_best_seller_badge_var_2_exp_rweb&classType=REGULAR&athbdg=L1600,$138.00,3.7,26
"Lenovo IdeaPad 1 Student Laptop, 15.6"" FHD Display, Intel Dual Core Processor, 12GB RAM, 128GB eMMC + 256GB SSD, 1 Yr Office 365, Wi-Fi 6, Windows 11 Home, Grey",https://www.walmart.com/sp/track?bt=1&eventST=click&plmt=sp-search-middle~desktop~&pos=6&tax=1085632_1071204_5186082_4126170_5681475&rdf=1&rd=https%3A%2F%2Fwww.walmart.com%2Fip%2FLenovo-IdeaPad-1-Laptop-Intel-Dual-Core-Processor-12GB-RAM-256GB-SSD-128GB-eMMC-15-6-FHD-Display-Year-Office-365-Numeric-Keypad-Windows-11-Home%2F5296606454%3FclassType%3DREGULAR%26athbdg%3DL1600%26adsRedirect%3Dtrue&adUid=2e9e4141-8a9e-4713-9318-a3373ff4460a&mloc=sp-search-middle&pltfm=desktop&pgId=laptop&pt=search&spQs=VcUpsXhkPUqQMIkeK307d3rUhb9nbFqAsrAS2puOLaFw3_JLk1rLzPDhp0IoXeTS-Up388LNP34euBMiPfqEZxrNLRtM1MhWye3W54ZrtaE0JogOK-WnpPcgQiSllennmg46MUru2hKclyilyVp5ysC18sbCSeUo_hjmxESpEbokN6Y0EdkZDXppRhzc-E6ZOj9ecGEBHdwvagpcDD7c7HoShKWSb8t4T5lC6qX4WPVvp84jbaPmlEGVtyip40N4_0JbSx9QlmeoDSbNODFzgg&storeId=3081&couponState=na&bkt=ace1_11140%7Cace2_11164%7Cace3_11103%7Ccoldstart_off%7Csearch_best_seller_badge_var_2_exp_rweb&classType=REGULAR&athbdg=L1600,$329.00,4.4,24
"HP 14"" HD Laptop for Students and Business, Intel Quad-Core Processor, 16GB RAM, 64GB eMMC+256GB Micro SD, Long Battery Life, UHD Graphics, Webcam, Windows 11 Home in S Mode, Snowflake White",https://www.walmart.com/sp/track?bt=1&eventST=click&plmt=sp-search-middle~desktop~&pos=7&tax=1085632_1071204_5186082_4126170_5681475&rdf=1&rd=https%3A%2F%2Fwww.walmart.com%2Fip%2FHP-14-HD-Laptop-Students-Business-Intel-Quad-Core-Processor-16GB-RAM-64GB-eMMC-256GB-Micro-SD-Long-Battery-Life-UHD-Graphics-Webcam-Windows-11-Home-S%2F5138802239%3FclassType%3DVARIANT%26athbdg%3DL1900%26adsRedirect%3Dtrue&adUid=2e9e4141-8a9e-4713-9318-a3373ff4460a&mloc=sp-search-middle&pltfm=desktop&pgId=laptop&pt=search&spQs=vFRB4lcjAVQT3WpunJFn6UqtRMTQidegg7WpeI1s8DslkTE_zd-0CJxmRWdX1nhNUgdE-f2OJlV61oBcrfqcUEmAX0SGGCYKVxYlffh0hEbMQ0qCcjF_f8lEICRpK5lFfMm_0qv5u4joBnqcgzD1EhH-xnfKA5GXHrq_B_qwmUIkN6Y0EdkZDXppRhzc-E6ZdqrGkkKaVTpYfuWxQZRWddNhqjm90liUWfNI47d1o4VScXzFGyhEe__ftSXlCvFiYIOAjOVbfwRqT4c7q969-g&storeId=3081&couponState=na&bkt=ace1_11140%7Cace2_11164%7Cace3_11103%7Ccoldstart_off%7Csearch_best_seller_badge_var_2_exp_rweb&classType=VARIANT&athbdg=L1900,$299.99,4.2,72
"Restored Apple MacBook Air 13.3-inch Intel Core i5 8GB RAM Mac OS 128GB SSD Bundle: USA Essentials Bluetooth/Wireless Airbuds, Black Case, Wireless Mouse By Certified 2 Day Express (Refurbished)",https://www.walmart.com/sp/track?bt=1&eventST=click&plmt=sp-search-middle~desktop~&pos=8&tax=1085632_1071204_5186082_4126170_5681475&rdf=1&rd=https%3A%2F%2Fwww.walmart.com%2Fip%2FRestored-Apple-MacBook-Air-13-3-inch-Intel-Core-i5-8GB-RAM-Mac-OS-128GB-SSD-Bundle-USA-Essentials-Bluetooth-Wireless-Airbuds-Black-Case-Wireless-Mous%2F1245052032%3FclassType%3DVARIANT%26adsRedirect%3Dtrue&adUid=2e9e4141-8a9e-4713-9318-a3373ff4460a&mloc=sp-search-middle&pltfm=desktop&pgId=laptop&pt=search&spQs=RZERtVHK22_e1pBfzRg84dyLr65T4MzyfBqFyKYkRZPC8unKT9rjBTepAGcrOUO1rM7Ntpd-b1UTPjyuNOtpIJBZuxMJTPcngL6y9OaU3g9kiRWWYV3aKq0AyRbOKvEeKRLAYzw50g7aNq0fZP-fzefVO-WOQxQX8lgI4Qci_Sh-idnpxwyU7Sd-JAfL3v8CmuPJSkBH75DokBDLjuPM9sQ0UJl7hiNx8z0jcfxHQeRWi7f_DU7vNw2RhH9uWOVjkneYhOD_GK-qwlh4Wmw0kg&storeId=3081&couponState=na&bkt=ace1_11140%7Cace2_11164%7Cace3_11103%7Ccoldstart_off%7Csearch_best_seller_badge_var_2_exp_rweb&classType=VARIANT,$199.00,3.6,355
"Restored Apple MacBook Pro 13.3-inch Core i5 2.7GHz 8GB RAM Mac OS 256GB SSD Bundle: Black Case, Wireless Mouse, Bluetooth/Wireless Airbuds By Certified 2 Day Express (Refurbished)",https://www.walmart.com/sp/track?bt=1&eventST=click&plmt=sp-search-middle~desktop~&pos=9&tax=1085632_1071204_5186082_4126170_5681475&rdf=1&rd=https%3A%2F%2Fwww.walmart.com%2Fip%2FRestored-Apple-MacBook-Pro-13-3-inch-Core-i5-2-7GHz-8GB-RAM-Mac-OS-256GB-SSD-Bundle-Black-Case-Wireless-Mouse-Bluetooth-Wireless-Airbuds-By-Certified%2F1894245154%3FclassType%3DVARIANT%26athbdg%3DL1600%26adsRedirect%3Dtrue&adUid=2e9e4141-8a9e-4713-9318-a3373ff4460a&mloc=sp-search-middle&pltfm=desktop&pgId=laptop&pt=search&spQs=6CSxXPwKQUCeDl2QUYYzcNq9ACA_NYYnY52kAw82zcoMxqcFFd9sV-qpzTccgiyQbSwoh4nuKOV_V3rOusgjq3VSip2syK_0q4WBsfI82zlj6JXYb11A589PSkBw1bqtEqYtbLTxdLOJGJL_jAA14JCLiZkUT5V1EpHzZ2OxB8God5lpfzxoFdwk9t5Vd4yLXYYCjM656y_inA2jBouMCjpYWCu3O7wF62cHVmX9zos&storeId=3081&couponState=na&bkt=ace1_11140%7Cace2_11164%7Cace3_11103%7Ccoldstart_off%7Csearch_best_seller_badge_var_2_exp_rweb&classType=VARIANT&athbdg=L1600,$279.00,2.9,141
"Lenovo IdeaPad 1 Laptop, Intel Dual Core Processor, 8GB RAM, 128GB SSD + 128GB eMMC, 15.6"" FHD Display, 1 Year Office 365, Numeric Keypad, Windows 11 Home",https://www.walmart.com/sp/track?bt=1&eventST=click&plmt=sp-search-middle~desktop~&pos=10&tax=1085632_1071204_5186082_4126170_5681475&rdf=1&rd=https%3A%2F%2Fwww.walmart.com%2Fip%2FLenovo-IdeaPad-1-Laptop-Intel-Dual-Core-Processor-8GB-RAM-128GB-SSD-eMMC-15-6-FHD-Display-Year-Office-365-Numeric-Keypad-Windows-11-Home%2F5234076976%3FclassType%3DVARIANT%26adsRedirect%3Dtrue&adUid=2e9e4141-8a9e-4713-9318-a3373ff4460a&mloc=sp-search-middle&pltfm=desktop&pgId=laptop&pt=search&spQs=4yl-wtWhJp7ibP-PpPrkgp5mCVekk6yMXwgulamQVmVw3_JLk1rLzPDhp0IoXeTS-Up388LNP34euBMiPfqEZxrNLRtM1MhWye3W54ZrtaE0JogOK-WnpPcgQiSllennPlHcef1bN8PqxnDnTvpVgYZhh7_4lycIeNt07yNKP4ENNt3B3zWlM8rrwfGe_DGMIsOoSN8Y0r6nJCqwGL9zbNNhqjm90liUWfNI47d1o4VScXzFGyhEe__ftSXlCvFiYIOAjOVbfwRqT4c7q969-g&storeId=3081&couponState=na&bkt=ace1_11140%7Cace2_11164%7Cace3_11103%7Ccoldstart_off%7Csearch_best_seller_badge_var_2_exp_rweb&classType=VARIANT,$269.00,4.3,8
